-- phpMyAdmin SQL Dump
-- version 5.0.2
-- https://www.phpmyadmin.net/
--
-- Servidor: 127.0.0.1
-- Tiempo de generación: 26-07-2020 a las 22:19:34
-- Versión del servidor: 10.4.11-MariaDB
-- Versión de PHP: 7.4.6

SET SQL_MODE = "NO_AUTO_VALUE_ON_ZERO";
START TRANSACTION;
SET time_zone = "+00:00";


/*!40101 SET @OLD_CHARACTER_SET_CLIENT=@@CHARACTER_SET_CLIENT */;
/*!40101 SET @OLD_CHARACTER_SET_RESULTS=@@CHARACTER_SET_RESULTS */;
/*!40101 SET @OLD_COLLATION_CONNECTION=@@COLLATION_CONNECTION */;
/*!40101 SET NAMES utf8mb4 */;

--
-- Base de datos: `guiasdoc`
--
CREATE DATABASE IF NOT EXISTS `guiasdoc` DEFAULT CHARACTER SET utf8mb4 COLLATE utf8mb4_general_ci;
USE `guiasdoc`;
-- --------------------------------------------------------

--
-- Estructura de tabla para la tabla `administrador`
--

CREATE TABLE `administrador` (
  `Email` varchar(50) NOT NULL,
  `Nombre` varchar(100) NOT NULL
) ENGINE=InnoDB DEFAULT CHARSET=utf8mb4;

--
-- Volcado de datos para la tabla `administrador`
--

INSERT INTO `administrador` (`Email`, `Nombre`) VALUES
('admin1@ucm.es', 'admin1');

-- --------------------------------------------------------

--
-- Estructura de tabla para la tabla `asignatura`
--

CREATE TABLE `asignatura` (
  `IdAsignatura` int(6) NOT NULL,
  `NombreAsignatura` varchar(100) NOT NULL,
  `Abreviatura` varchar(5) NOT NULL,
  `Curso` int(1) NOT NULL,
  `Semestre` int(1) NOT NULL,
  `NombreAsignaturaIngles` varchar(100) DEFAULT NULL,
  `Creditos` float NOT NULL,
  `CoordinadorAsignatura` varchar(50) NOT NULL,
  `Estado` varchar(1) NOT NULL,
  `IdMateria` int(6) NOT NULL
) ENGINE=InnoDB DEFAULT CHARSET=utf8mb4;

--
-- Volcado de datos para la tabla `asignatura`
--

INSERT INTO `asignatura` (`IdAsignatura`, `NombreAsignatura`, `Abreviatura`, `Curso`, `Semestre`, `NombreAsignaturaIngles`, `Creditos`, `CoordinadorAsignatura`, `Estado`, `IdMateria`) VALUES
(800490, 'Fundamentos de física', '', 1, 1, 'Physics fundamentals I', 9, 'cdiazque@ucm.es', 'B', 80811),
(800491, 'Fundamentos de física II', '', 1, 2, 'Physics fundamentals II', 9, 'acasmor@fis.ucm.es', 'B', 80811),
(800492, 'Matemáticas', '', 1, 1, 'Mathematics', 9, 'jusanz@ucm.es', 'B', 80812),
(800493, 'Cálculo', '', 1, 2, 'Calculus', 7.5, 'lsntnfp@ucm.es', 'B', 80812),
(800494, 'Álgebra', '', 1, 2, 'Algebra', 7.5, 'p.tempesta@fis.ucm.es', 'B', 80812),
(800495, 'Química', '', 1, 1, 'Chemistry', 6, 'iredondo@quim.ucm.es', 'B', 80813),
(800496, 'Laboratorio de computación científica', '', 1, 1, 'Scientific computer laboratory', 6, 'mguijarro@ucm.es', 'B', 80814),
(800497, 'Laboratorio de física I', '', 1, 2, 'Physics laboratory I', 6, 'jlcontreras@fis.ucm.es', 'B', 80811),
(804500, 'Física I', '', 1, 1, NULL, 6, 'jdelrio@ucm.es', 'B', 88711),
(804501, 'Física II', '', 1, 2, NULL, 6, 'lsanchez@fis.ucm.es', 'B', 88711),
(804502, 'Quimica I', '', 1, 1, NULL, 6, 'sgmartin@quim.ucm.es', 'B', 88712),
(804503, 'Química II', '', 1, 2, NULL, 6, 'sfilippo@ucm.es', '', 88712),
(804505, 'Matemáticas I', '', 1, 1, '', 6, 'fybruno@ucm.es', 'B', 88713),
(804506, 'Matemáticas II', '', 1, 2, NULL, 6, 'a.malyshev@fis.ucm.es', 'B', 88713),
(804507, 'Métodos informaticos para la ingeniería', '', 1, 2, NULL, 6, 'faccion@ucm.es', 'B', 88715),
(804510, 'Introducción a la ingeniería de materiales', '', 1, 1, NULL, 6, 'mlblazquez@quim.ucm.es', 'B', 88721),
(804511, 'Diagramas y transformaciones de fases', '', 1, 2, NULL, 6, 'gsalazar@quim.ucm.es', 'B', 88721),
(804543, 'Biología', '', 1, 1, NULL, 6, 'mjfeito@ucm.es', 'B', 88714),
(804560, 'Física I', '', 1, 1, 'Physics I', 9, 'rafahern@ucm.es', 'B', 89011),
(804561, 'Física II', '', 1, 1, 'Physics II', 9, 'coordinadorF2@ucm.es', 'B', 89011),
(804562, 'Cálculo', '', 1, 1, 'Calculation', 9, 'mjrplaza@fis.ucm.es', 'B', 89013),
(804563, 'Álgebra', '', 1, 2, 'Algebra', 9, 'magflechoso@ucm.es', 'B', 89013),
(804564, 'Ampliación de Matemáticas', '', 1, 2, 'Mathematics expansion', 6, 'coordinadorAM@ucm.es', 'B', 89013),
(804566, 'Informática', '', 1, 1, 'Computing', 6, 'igarcia@ucm.es', 'V', 89012),
(804567, 'Circuitos Digitales', '', 1, 1, 'Digital circuits', 6, 'jluimana@ucm.es', 'B', 89012),
(804575, 'Análisis de Circuitos', '', 1, 2, 'rt', 6, 'esas@ucm.es', 'B', 89011);

-- --------------------------------------------------------

--
-- Estructura de tabla para la tabla `bibliografia`
--

CREATE TABLE `bibliografia` (
  `IdBibliografia` int(6) NOT NULL,
  `CitasBibliograficas` text NOT NULL,
  `RecursosInternet` text NOT NULL,
  `IdAsignatura` int(6) NOT NULL
) ENGINE=InnoDB DEFAULT CHARSET=utf8mb4;

--
-- Volcado de datos para la tabla `bibliografia`
--

INSERT INTO `bibliografia` (`IdBibliografia`, `CitasBibliograficas`, `RecursosInternet`, `IdAsignatura`) VALUES
(2, 'Lorem ipsum dolor sit amet, consectetuer adipiscing elit, sed diam nonummy nibh euismod tincidunt ut laoreet dolore magna aliquam erat volutpat. Ut wisi enim ad minim veniam, quis nostrud exerci tation ullamcorper suscipit lobortis nisl ut aliquip ex ea commodo consequat. Duis autem vel eum iriure dolor in hendrerit in vulputate velit esse molestie consequat, vel illum dolore eu feugiat nulla facilisis at vero eros et accumsan et iusto odio dignissim qui blandit praesent luptatum zzril delenit augue duis dolore te feugait nulla facilisi.', 'Lorem ipsum dolor sit amet, consectetuer adipiscing elit, sed diam nonummy nibh euismod tincidunt ut laoreet dolore magna aliquam erat volutpat. Ut wisi enim ad minim veniam, quis nostrud exerci tation ullamcorper suscipit lobortis nisl ut aliquip ex ea commodo consequat. Duis autem vel eum iriure dolor in hendrerit in vulputate velit esse molestie consequat, vel illum dolore eu feugiat nulla facilisis at vero eros et accumsan et iusto odio dignissim qui blandit praesent luptatum zzril delenit augue duis dolore te feugait nulla facilisi.', 804564),
(3, 'Lorem ipsum dolor sit amet, consectetuer adipiscing elit, sed diam nonummy nibh euismod tincidunt ut laoreet dolore magna aliquam erat volutpat. Ut wisi enim ad minim veniam, quis nostrud exerci tation ullamcorper suscipit lobortis nisl ut aliquip ex ea commodo consequat. Duis autem vel eum iriure dolor in hendrerit in vulputate velit esse molestie consequat, vel illum dolore eu feugiat nulla facilisis at vero eros et accumsan et iusto odio dignissim qui blandit praesent luptatum zzril delenit augue duis dolore te feugait nulla facilisi.', 'Lorem ipsum dolor sit amet, consectetuer adipiscing elit, sed diam nonummy nibh euismod tincidunt ut laoreet dolore magna aliquam erat volutpat. Ut wisi enim ad minim veniam, quis nostrud exerci tation ullamcorper suscipit lobortis nisl ut aliquip ex ea commodo consequat. Duis autem vel eum iriure dolor in hendrerit in vulputate velit esse molestie consequat, vel illum dolore eu feugiat nulla facilisis at vero eros et accumsan et iusto odio dignissim qui blandit praesent luptatum zzril delenit augue duis dolore te feugait nulla facilisi.', 804566),
(4, 'Lorem ipsum dolor sit amet, consectetuer adipiscing elit, sed diam nonummy nibh euismod tincidunt ut laoreet dolore magna aliquam erat volutpat. Ut wisi enim ad minim veniam, quis nostrud exerci tation ullamcorper suscipit lobortis nisl ut aliquip ex ea commodo consequat. Duis autem vel eum iriure dolor in hendrerit in vulputate velit esse molestie consequat, vel illum dolore eu feugiat nulla facilisis at vero eros et accumsan et iusto odio dignissim qui blandit praesent luptatum zzril delenit augue duis dolore te feugait nulla facilisi.', 'Lorem ipsum dolor sit amet, consectetuer adipiscing elit, sed diam nonummy nibh euismod tincidunt ut laoreet dolore magna aliquam erat volutpat. Ut wisi enim ad minim veniam, quis nostrud exerci tation ullamcorper suscipit lobortis nisl ut aliquip ex ea commodo consequat. Duis autem vel eum iriure dolor in hendrerit in vulputate velit esse molestie consequat, vel illum dolore eu feugiat nulla facilisis at vero eros et accumsan et iusto odio dignissim qui blandit praesent luptatum zzril delenit augue duis dolore te feugait nulla facilisi.', 804562),
(5, 'Lorem ipsum dolor sit amet, consectetuer adipiscing elit, sed diam nonummy nibh euismod tincidunt ut laoreet dolore magna aliquam erat volutpat. Ut wisi enim ad minim veniam, quis nostrud exerci tation ullamcorper suscipit lobortis nisl ut aliquip ex ea commodo consequat. Duis autem vel eum iriure dolor in hendrerit in vulputate velit esse molestie consequat, vel illum dolore eu feugiat nulla facilisis at vero eros et accumsan et iusto odio dignissim qui blandit praesent luptatum zzril delenit augue duis dolore te feugait nulla facilisi.', 'Lorem ipsum dolor sit amet, consectetuer adipiscing elit, sed diam nonummy nibh euismod tincidunt ut laoreet dolore magna aliquam erat volutpat. Ut wisi enim ad minim veniam, quis nostrud exerci tation ullamcorper suscipit lobortis nisl ut aliquip ex ea commodo consequat. Duis autem vel eum iriure dolor in hendrerit in vulputate velit esse molestie consequat, vel illum dolore eu feugiat nulla facilisis at vero eros et accumsan et iusto odio dignissim qui blandit praesent luptatum zzril delenit augue duis dolore te feugait nulla facilisi.', 804560),
(6, 'Lorem ipsum dolor sit amet, consectetuer adipiscing elit, sed diam nonummy nibh euismod tincidunt ut laoreet dolore magna aliquam erat volutpat. Ut wisi enim ad minim veniam, quis nostrud exerci tation ullamcorper suscipit lobortis nisl ut aliquip ex ea commodo consequat. Duis autem vel eum iriure dolor in hendrerit in vulputate velit esse molestie consequat, vel illum dolore eu feugiat nulla facilisis at vero eros et accumsan et iusto odio dignissim qui blandit praesent luptatum zzril delenit augue duis dolore te feugait nulla facilisi.', 'Lorem ipsum dolor sit amet, consectetuer adipiscing elit, sed diam nonummy nibh euismod tincidunt ut laoreet dolore magna aliquam erat volutpat. Ut wisi enim ad minim veniam, quis nostrud exerci tation ullamcorper suscipit lobortis nisl ut aliquip ex ea commodo consequat. Duis autem vel eum iriure dolor in hendrerit in vulputate velit esse molestie consequat, vel illum dolore eu feugiat nulla facilisis at vero eros et accumsan et iusto odio dignissim qui blandit praesent luptatum zzril delenit augue duis dolore te feugait nulla facilisi.', 804567),
(7, 'Lorem ipsum dolor sit amet, consectetuer adipiscing elit, sed diam nonummy nibh euismod tincidunt ut laoreet dolore magna aliquam erat volutpat. Ut wisi enim ad minim veniam, quis nostrud exerci tation ullamcorper suscipit lobortis nisl ut aliquip ex ea commodo consequat. Duis autem vel eum iriure dolor in hendrerit in vulputate velit esse molestie consequat, vel illum dolore eu feugiat nulla facilisis at vero eros et accumsan et iusto odio dignissim qui blandit praesent luptatum zzril delenit augue duis dolore te feugait nulla facilisi.', 'Lorem ipsum dolor sit amet, consectetuer adipiscing elit, sed diam nonummy nibh euismod tincidunt ut laoreet dolore magna aliquam erat volutpat. Ut wisi enim ad minim veniam, quis nostrud exerci tation ullamcorper suscipit lobortis nisl ut aliquip ex ea commodo consequat. Duis autem vel eum iriure dolor in hendrerit in vulputate velit esse molestie consequat, vel illum dolore eu feugiat nulla facilisis at vero eros et accumsan et iusto odio dignissim qui blandit praesent luptatum zzril delenit augue duis dolore te feugait nulla facilisi.', 804561),
(8, 'Lorem ipsum dolor sit amet, consectetuer adipiscing elit, sed diam nonummy nibh euismod tincidunt ut laoreet dolore magna aliquam erat volutpat. Ut wisi enim ad minim veniam, quis nostrud exerci tation ullamcorper suscipit lobortis nisl ut aliquip ex ea commodo consequat. Duis autem vel eum iriure dolor in hendrerit in vulputate velit esse molestie consequat, vel illum dolore eu feugiat nulla facilisis at vero eros et accumsan et iusto odio dignissim qui blandit praesent luptatum zzril delenit augue duis dolore te feugait nulla facilisi.', 'Lorem ipsum dolor sit amet, consectetuer adipiscing elit, sed diam nonummy nibh euismod tincidunt ut laoreet dolore magna aliquam erat volutpat. Ut wisi enim ad minim veniam, quis nostrud exerci tation ullamcorper suscipit lobortis nisl ut aliquip ex ea commodo consequat. Duis autem vel eum iriure dolor in hendrerit in vulputate velit esse molestie consequat, vel illum dolore eu feugiat nulla facilisis at vero eros et accumsan et iusto odio dignissim qui blandit praesent luptatum zzril delenit augue duis dolore te feugait nulla facilisi.', 804563),
(9, 'Lorem ipsum dolor sit amet, consectetuer adipiscing elit, sed diam nonummy nibh euismod tincidunt ut laoreet dolore magna aliquam erat volutpat. Ut wisi enim ad minim veniam, quis nostrud exerci tation ullamcorper suscipit lobortis nisl ut aliquip ex ea commodo consequat. Duis autem vel eum iriure dolor in hendrerit in vulputate velit esse molestie consequat, vel illum dolore eu feugiat nulla facilisis at vero eros et accumsan et iusto odio dignissim qui blandit praesent luptatum zzril delenit augue duis dolore te feugait nulla facilisi.', 'Lorem ipsum dolor sit amet, consectetuer adipiscing elit, sed diam nonummy nibh euismod tincidunt ut laoreet dolore magna aliquam erat volutpat. Ut wisi enim ad minim veniam, quis nostrud exerci tation ullamcorper suscipit lobortis nisl ut aliquip ex ea commodo consequat. Duis autem vel eum iriure dolor in hendrerit in vulputate velit esse molestie consequat, vel illum dolore eu feugiat nulla facilisis at vero eros et accumsan et iusto odio dignissim qui blandit praesent luptatum zzril delenit augue duis dolore te feugait nulla facilisi.', 804575);

-- --------------------------------------------------------

--
-- Estructura de tabla para la tabla `competenciaasignatura`
--

CREATE TABLE `competenciaasignatura` (
  `IdCompetencia` int(6) NOT NULL,
  `Generales` text NOT NULL,
  `Generalesi` text NOT NULL,
  `Especificas` text NOT NULL,
  `Especificasi` text NOT NULL,
  `BasicasYTransversales` text NOT NULL,
  `BasicasYTransversalesi` text NOT NULL,
  `ResultadosAprendizaje` text NOT NULL,
  `ResultadosAprendizajei` text NOT NULL,
  `IdAsignatura` int(6) NOT NULL
) ENGINE=InnoDB DEFAULT CHARSET=utf8mb4;

--
-- Volcado de datos para la tabla `competenciaasignatura`
--

INSERT INTO `competenciaasignatura` (`IdCompetencia`, `Generales`, `Generalesi`, `Especificas`, `Especificasi`, `BasicasYTransversales`, `BasicasYTransversalesi`, `ResultadosAprendizaje`, `ResultadosAprendizajei`, `IdAsignatura`) VALUES
(2, 'Lorem ipsum dolor sit amet, consectetuer adipiscing elit, sed diam nonummy nibh euismod tincidunt ut laoreet dolore magna aliquam erat volutpat. Ut wisi enim ad minim veniam, quis nostrud exerci tation ullamcorper suscipit lobortis nisl ut aliquip ex ea commodo consequat. Duis autem vel eum iriure dolor in hendrerit in vulputate velit esse molestie consequat, vel illum dolore eu feugiat nulla facilisis at vero eros et accumsan et iusto odio dignissim qui blandit praesent luptatum zzril delenit augue duis dolore te feugait nulla facilisi.', 'Lorem ipsum dolor sit amet, consectetuer adipiscing elit, sed diam nonummy nibh euismod tincidunt ut laoreet dolore magna aliquam erat volutpat. Ut wisi enim ad minim veniam, quis nostrud exerci tation ullamcorper suscipit lobortis nisl ut aliquip ex ea commodo consequat. Duis autem vel eum iriure dolor in hendrerit in vulputate velit esse molestie consequat, vel illum dolore eu feugiat nulla facilisis at vero eros et accumsan et iusto odio dignissim qui blandit praesent luptatum zzril delenit augue duis dolore te feugait nulla facilisi.', 'Lorem ipsum dolor sit amet, consectetuer adipiscing elit, sed diam nonummy nibh euismod tincidunt ut laoreet dolore magna aliquam erat volutpat. Ut wisi enim ad minim veniam, quis nostrud exerci tation ullamcorper suscipit lobortis nisl ut aliquip ex ea commodo consequat. Duis autem vel eum iriure dolor in hendrerit in vulputate velit esse molestie consequat, vel illum dolore eu feugiat nulla facilisis at vero eros et accumsan et iusto odio dignissim qui blandit praesent luptatum zzril delenit augue duis dolore te feugait nulla facilisi.', 'Lorem ipsum dolor sit amet, consectetuer adipiscing elit, sed diam nonummy nibh euismod tincidunt ut laoreet dolore magna aliquam erat volutpat. Ut wisi enim ad minim veniam, quis nostrud exerci tation ullamcorper suscipit lobortis nisl ut aliquip ex ea commodo consequat. Duis autem vel eum iriure dolor in hendrerit in vulputate velit esse molestie consequat, vel illum dolore eu feugiat nulla facilisis at vero eros et accumsan et iusto odio dignissim qui blandit praesent luptatum zzril delenit augue duis dolore te feugait nulla facilisi.', 'Lorem ipsum dolor sit amet, consectetuer adipiscing elit, sed diam nonummy nibh euismod tincidunt ut laoreet dolore magna aliquam erat volutpat. Ut wisi enim ad minim veniam, quis nostrud exerci tation ullamcorper suscipit lobortis nisl ut aliquip ex ea commodo consequat. Duis autem vel eum iriure dolor in hendrerit in vulputate velit esse molestie consequat, vel illum dolore eu feugiat nulla facilisis at vero eros et accumsan et iusto odio dignissim qui blandit praesent luptatum zzril delenit augue duis dolore te feugait nulla facilisi.', 'Lorem ipsum dolor sit amet, consectetuer adipiscing elit, sed diam nonummy nibh euismod tincidunt ut laoreet dolore magna aliquam erat volutpat. Ut wisi enim ad minim veniam, quis nostrud exerci tation ullamcorper suscipit lobortis nisl ut aliquip ex ea commodo consequat. Duis autem vel eum iriure dolor in hendrerit in vulputate velit esse molestie consequat, vel illum dolore eu feugiat nulla facilisis at vero eros et accumsan et iusto odio dignissim qui blandit praesent luptatum zzril delenit augue duis dolore te feugait nulla facilisi.', 'Lorem ipsum dolor sit amet, consectetuer adipiscing elit, sed diam nonummy nibh euismod tincidunt ut laoreet dolore magna aliquam erat volutpat. Ut wisi enim ad minim veniam, quis nostrud exerci tation ullamcorper suscipit lobortis nisl ut aliquip ex ea commodo consequat. Duis autem vel eum iriure dolor in hendrerit in vulputate velit esse molestie consequat, vel illum dolore eu feugiat nulla facilisis at vero eros et accumsan et iusto odio dignissim qui blandit praesent luptatum zzril delenit augue duis dolore te feugait nulla facilisi.', 'Lorem ipsum dolor sit amet, consectetuer adipiscing elit, sed diam nonummy nibh euismod tincidunt ut laoreet dolore magna aliquam erat volutpat. Ut wisi enim ad minim veniam, quis nostrud exerci tation ullamcorper suscipit lobortis nisl ut aliquip ex ea commodo consequat. Duis autem vel eum iriure dolor in hendrerit in vulputate velit esse molestie consequat, vel illum dolore eu feugiat nulla facilisis at vero eros et accumsan et iusto odio dignissim qui blandit praesent luptatum zzril delenit augue duis dolore te feugait nulla facilisi.', 804564),
(3, 'Lorem ipsum dolor sit amet, consectetuer adipiscing elit, sed diam nonummy nibh euismod tincidunt ut laoreet dolore magna aliquam erat volutpat. Ut wisi enim ad minim veniam, quis nostrud exerci tation ullamcorper suscipit lobortis nisl ut aliquip ex ea commodo consequat. Duis autem vel eum iriure dolor in hendrerit in vulputate velit esse molestie consequat, vel illum dolore eu feugiat nulla facilisis at vero eros et accumsan et iusto odio dignissim qui blandit praesent luptatum zzril delenit augue duis dolore te feugait nulla facilisi.', 'Lorem ipsum dolor sit amet, consectetuer adipiscing elit, sed diam nonummy nibh euismod tincidunt ut laoreet dolore magna aliquam erat volutpat. Ut wisi enim ad minim veniam, quis nostrud exerci tation ullamcorper suscipit lobortis nisl ut aliquip ex ea commodo consequat. Duis autem vel eum iriure dolor in hendrerit in vulputate velit esse molestie consequat, vel illum dolore eu feugiat nulla facilisis at vero eros et accumsan et iusto odio dignissim qui blandit praesent luptatum zzril delenit augue duis dolore te feugait nulla facilisi.', 'Lorem ipsum dolor sit amet, consectetuer adipiscing elit, sed diam nonummy nibh euismod tincidunt ut laoreet dolore magna aliquam erat volutpat. Ut wisi enim ad minim veniam, quis nostrud exerci tation ullamcorper suscipit lobortis nisl ut aliquip ex ea commodo consequat. Duis autem vel eum iriure dolor in hendrerit in vulputate velit esse molestie consequat, vel illum dolore eu feugiat nulla facilisis at vero eros et accumsan et iusto odio dignissim qui blandit praesent luptatum zzril delenit augue duis dolore te feugait nulla facilisi.', 'Lorem ipsum dolor sit amet, consectetuer adipiscing elit, sed diam nonummy nibh euismod tincidunt ut laoreet dolore magna aliquam erat volutpat. Ut wisi enim ad minim veniam, quis nostrud exerci tation ullamcorper suscipit lobortis nisl ut aliquip ex ea commodo consequat. Duis autem vel eum iriure dolor in hendrerit in vulputate velit esse molestie consequat, vel illum dolore eu feugiat nulla facilisis at vero eros et accumsan et iusto odio dignissim qui blandit praesent luptatum zzril delenit augue duis dolore te feugait nulla facilisi.', 'Lorem ipsum dolor sit amet, consectetuer adipiscing elit, sed diam nonummy nibh euismod tincidunt ut laoreet dolore magna aliquam erat volutpat. Ut wisi enim ad minim veniam, quis nostrud exerci tation ullamcorper suscipit lobortis nisl ut aliquip ex ea commodo consequat. Duis autem vel eum iriure dolor in hendrerit in vulputate velit esse molestie consequat, vel illum dolore eu feugiat nulla facilisis at vero eros et accumsan et iusto odio dignissim qui blandit praesent luptatum zzril delenit augue duis dolore te feugait nulla facilisi.', 'Lorem ipsum dolor sit amet, consectetuer adipiscing elit, sed diam nonummy nibh euismod tincidunt ut laoreet dolore magna aliquam erat volutpat. Ut wisi enim ad minim veniam, quis nostrud exerci tation ullamcorper suscipit lobortis nisl ut aliquip ex ea commodo consequat. Duis autem vel eum iriure dolor in hendrerit in vulputate velit esse molestie consequat, vel illum dolore eu feugiat nulla facilisis at vero eros et accumsan et iusto odio dignissim qui blandit praesent luptatum zzril delenit augue duis dolore te feugait nulla facilisi.', 'Lorem ipsum dolor sit amet, consectetuer adipiscing elit, sed diam nonummy nibh euismod tincidunt ut laoreet dolore magna aliquam erat volutpat. Ut wisi enim ad minim veniam, quis nostrud exerci tation ullamcorper suscipit lobortis nisl ut aliquip ex ea commodo consequat. Duis autem vel eum iriure dolor in hendrerit in vulputate velit esse molestie consequat, vel illum dolore eu feugiat nulla facilisis at vero eros et accumsan et iusto odio dignissim qui blandit praesent luptatum zzril delenit augue duis dolore te feugait nulla facilisi.', 'Lorem ipsum dolor sit amet, consectetuer adipiscing elit, sed diam nonummy nibh euismod tincidunt ut laoreet dolore magna aliquam erat volutpat. Ut wisi enim ad minim veniam, quis nostrud exerci tation ullamcorper suscipit lobortis nisl ut aliquip ex ea commodo consequat. Duis autem vel eum iriure dolor in hendrerit in vulputate velit esse molestie consequat, vel illum dolore eu feugiat nulla facilisis at vero eros et accumsan et iusto odio dignissim qui blandit praesent luptatum zzril delenit augue duis dolore te feugait nulla facilisi.', 804566),
(4, 'Lorem ipsum dolor sit amet, consectetuer adipiscing elit, sed diam nonummy nibh euismod tincidunt ut laoreet dolore magna aliquam erat volutpat. Ut wisi enim ad minim veniam, quis nostrud exerci tation ullamcorper suscipit lobortis nisl ut aliquip ex ea commodo consequat. Duis autem vel eum iriure dolor in hendrerit in vulputate velit esse molestie consequat, vel illum dolore eu feugiat nulla facilisis at vero eros et accumsan et iusto odio dignissim qui blandit praesent luptatum zzril delenit augue duis dolore te feugait nulla facilisi.', 'Lorem ipsum dolor sit amet, consectetuer adipiscing elit, sed diam nonummy nibh euismod tincidunt ut laoreet dolore magna aliquam erat volutpat. Ut wisi enim ad minim veniam, quis nostrud exerci tation ullamcorper suscipit lobortis nisl ut aliquip ex ea commodo consequat. Duis autem vel eum iriure dolor in hendrerit in vulputate velit esse molestie consequat, vel illum dolore eu feugiat nulla facilisis at vero eros et accumsan et iusto odio dignissim qui blandit praesent luptatum zzril delenit augue duis dolore te feugait nulla facilisi.', 'Lorem ipsum dolor sit amet, consectetuer adipiscing elit, sed diam nonummy nibh euismod tincidunt ut laoreet dolore magna aliquam erat volutpat. Ut wisi enim ad minim veniam, quis nostrud exerci tation ullamcorper suscipit lobortis nisl ut aliquip ex ea commodo consequat. Duis autem vel eum iriure dolor in hendrerit in vulputate velit esse molestie consequat, vel illum dolore eu feugiat nulla facilisis at vero eros et accumsan et iusto odio dignissim qui blandit praesent luptatum zzril delenit augue duis dolore te feugait nulla facilisi.', 'Lorem ipsum dolor sit amet, consectetuer adipiscing elit, sed diam nonummy nibh euismod tincidunt ut laoreet dolore magna aliquam erat volutpat. Ut wisi enim ad minim veniam, quis nostrud exerci tation ullamcorper suscipit lobortis nisl ut aliquip ex ea commodo consequat. Duis autem vel eum iriure dolor in hendrerit in vulputate velit esse molestie consequat, vel illum dolore eu feugiat nulla facilisis at vero eros et accumsan et iusto odio dignissim qui blandit praesent luptatum zzril delenit augue duis dolore te feugait nulla facilisi.', 'Lorem ipsum dolor sit amet, consectetuer adipiscing elit, sed diam nonummy nibh euismod tincidunt ut laoreet dolore magna aliquam erat volutpat. Ut wisi enim ad minim veniam, quis nostrud exerci tation ullamcorper suscipit lobortis nisl ut aliquip ex ea commodo consequat. Duis autem vel eum iriure dolor in hendrerit in vulputate velit esse molestie consequat, vel illum dolore eu feugiat nulla facilisis at vero eros et accumsan et iusto odio dignissim qui blandit praesent luptatum zzril delenit augue duis dolore te feugait nulla facilisi.', 'Lorem ipsum dolor sit amet, consectetuer adipiscing elit, sed diam nonummy nibh euismod tincidunt ut laoreet dolore magna aliquam erat volutpat. Ut wisi enim ad minim veniam, quis nostrud exerci tation ullamcorper suscipit lobortis nisl ut aliquip ex ea commodo consequat. Duis autem vel eum iriure dolor in hendrerit in vulputate velit esse molestie consequat, vel illum dolore eu feugiat nulla facilisis at vero eros et accumsan et iusto odio dignissim qui blandit praesent luptatum zzril delenit augue duis dolore te feugait nulla facilisi.', 'Lorem ipsum dolor sit amet, consectetuer adipiscing elit, sed diam nonummy nibh euismod tincidunt ut laoreet dolore magna aliquam erat volutpat. Ut wisi enim ad minim veniam, quis nostrud exerci tation ullamcorper suscipit lobortis nisl ut aliquip ex ea commodo consequat. Duis autem vel eum iriure dolor in hendrerit in vulputate velit esse molestie consequat, vel illum dolore eu feugiat nulla facilisis at vero eros et accumsan et iusto odio dignissim qui blandit praesent luptatum zzril delenit augue duis dolore te feugait nulla facilisi.', 'Lorem ipsum dolor sit amet, consectetuer adipiscing elit, sed diam nonummy nibh euismod tincidunt ut laoreet dolore magna aliquam erat volutpat. Ut wisi enim ad minim veniam, quis nostrud exerci tation ullamcorper suscipit lobortis nisl ut aliquip ex ea commodo consequat. Duis autem vel eum iriure dolor in hendrerit in vulputate velit esse molestie consequat, vel illum dolore eu feugiat nulla facilisis at vero eros et accumsan et iusto odio dignissim qui blandit praesent luptatum zzril delenit augue duis dolore te feugait nulla facilisi.', 804562),
(5, 'Lorem ipsum dolor sit amet, consectetuer adipiscing elit, sed diam nonummy nibh euismod tincidunt ut laoreet dolore magna aliquam erat volutpat. Ut wisi enim ad minim veniam, quis nostrud exerci tation ullamcorper suscipit lobortis nisl ut aliquip ex ea commodo consequat. Duis autem vel eum iriure dolor in hendrerit in vulputate velit esse molestie consequat, vel illum dolore eu feugiat nulla facilisis at vero eros et accumsan et iusto odio dignissim qui blandit praesent luptatum zzril delenit augue duis dolore te feugait nulla facilisi.', 'Lorem ipsum dolor sit amet, consectetuer adipiscing elit, sed diam nonummy nibh euismod tincidunt ut laoreet dolore magna aliquam erat volutpat. Ut wisi enim ad minim veniam, quis nostrud exerci tation ullamcorper suscipit lobortis nisl ut aliquip ex ea commodo consequat. Duis autem vel eum iriure dolor in hendrerit in vulputate velit esse molestie consequat, vel illum dolore eu feugiat nulla facilisis at vero eros et accumsan et iusto odio dignissim qui blandit praesent luptatum zzril delenit augue duis dolore te feugait nulla facilisi.', 'Lorem ipsum dolor sit amet, consectetuer adipiscing elit, sed diam nonummy nibh euismod tincidunt ut laoreet dolore magna aliquam erat volutpat. Ut wisi enim ad minim veniam, quis nostrud exerci tation ullamcorper suscipit lobortis nisl ut aliquip ex ea commodo consequat. Duis autem vel eum iriure dolor in hendrerit in vulputate velit esse molestie consequat, vel illum dolore eu feugiat nulla facilisis at vero eros et accumsan et iusto odio dignissim qui blandit praesent luptatum zzril delenit augue duis dolore te feugait nulla facilisi.', 'Lorem ipsum dolor sit amet, consectetuer adipiscing elit, sed diam nonummy nibh euismod tincidunt ut laoreet dolore magna aliquam erat volutpat. Ut wisi enim ad minim veniam, quis nostrud exerci tation ullamcorper suscipit lobortis nisl ut aliquip ex ea commodo consequat. Duis autem vel eum iriure dolor in hendrerit in vulputate velit esse molestie consequat, vel illum dolore eu feugiat nulla facilisis at vero eros et accumsan et iusto odio dignissim qui blandit praesent luptatum zzril delenit augue duis dolore te feugait nulla facilisi.', 'Lorem ipsum dolor sit amet, consectetuer adipiscing elit, sed diam nonummy nibh euismod tincidunt ut laoreet dolore magna aliquam erat volutpat. Ut wisi enim ad minim veniam, quis nostrud exerci tation ullamcorper suscipit lobortis nisl ut aliquip ex ea commodo consequat. Duis autem vel eum iriure dolor in hendrerit in vulputate velit esse molestie consequat, vel illum dolore eu feugiat nulla facilisis at vero eros et accumsan et iusto odio dignissim qui blandit praesent luptatum zzril delenit augue duis dolore te feugait nulla facilisi.', 'Lorem ipsum dolor sit amet, consectetuer adipiscing elit, sed diam nonummy nibh euismod tincidunt ut laoreet dolore magna aliquam erat volutpat. Ut wisi enim ad minim veniam, quis nostrud exerci tation ullamcorper suscipit lobortis nisl ut aliquip ex ea commodo consequat. Duis autem vel eum iriure dolor in hendrerit in vulputate velit esse molestie consequat, vel illum dolore eu feugiat nulla facilisis at vero eros et accumsan et iusto odio dignissim qui blandit praesent luptatum zzril delenit augue duis dolore te feugait nulla facilisi.', 'Lorem ipsum dolor sit amet, consectetuer adipiscing elit, sed diam nonummy nibh euismod tincidunt ut laoreet dolore magna aliquam erat volutpat. Ut wisi enim ad minim veniam, quis nostrud exerci tation ullamcorper suscipit lobortis nisl ut aliquip ex ea commodo consequat. Duis autem vel eum iriure dolor in hendrerit in vulputate velit esse molestie consequat, vel illum dolore eu feugiat nulla facilisis at vero eros et accumsan et iusto odio dignissim qui blandit praesent luptatum zzril delenit augue duis dolore te feugait nulla facilisi.', 'Lorem ipsum dolor sit amet, consectetuer adipiscing elit, sed diam nonummy nibh euismod tincidunt ut laoreet dolore magna aliquam erat volutpat. Ut wisi enim ad minim veniam, quis nostrud exerci tation ullamcorper suscipit lobortis nisl ut aliquip ex ea commodo consequat. Duis autem vel eum iriure dolor in hendrerit in vulputate velit esse molestie consequat, vel illum dolore eu feugiat nulla facilisis at vero eros et accumsan et iusto odio dignissim qui blandit praesent luptatum zzril delenit augue duis dolore te feugait nulla facilisi.', 804560),
(6, 'Lorem ipsum dolor sit amet, consectetuer adipiscing elit, sed diam nonummy nibh euismod tincidunt ut laoreet dolore magna aliquam erat volutpat. Ut wisi enim ad minim veniam, quis nostrud exerci tation ullamcorper suscipit lobortis nisl ut aliquip ex ea commodo consequat. Duis autem vel eum iriure dolor in hendrerit in vulputate velit esse molestie consequat, vel illum dolore eu feugiat nulla facilisis at vero eros et accumsan et iusto odio dignissim qui blandit praesent luptatum zzril delenit augue duis dolore te feugait nulla facilisi.', 'Lorem ipsum dolor sit amet, consectetuer adipiscing elit, sed diam nonummy nibh euismod tincidunt ut laoreet dolore magna aliquam erat volutpat. Ut wisi enim ad minim veniam, quis nostrud exerci tation ullamcorper suscipit lobortis nisl ut aliquip ex ea commodo consequat. Duis autem vel eum iriure dolor in hendrerit in vulputate velit esse molestie consequat, vel illum dolore eu feugiat nulla facilisis at vero eros et accumsan et iusto odio dignissim qui blandit praesent luptatum zzril delenit augue duis dolore te feugait nulla facilisi.', 'Lorem ipsum dolor sit amet, consectetuer adipiscing elit, sed diam nonummy nibh euismod tincidunt ut laoreet dolore magna aliquam erat volutpat. Ut wisi enim ad minim veniam, quis nostrud exerci tation ullamcorper suscipit lobortis nisl ut aliquip ex ea commodo consequat. Duis autem vel eum iriure dolor in hendrerit in vulputate velit esse molestie consequat, vel illum dolore eu feugiat nulla facilisis at vero eros et accumsan et iusto odio dignissim qui blandit praesent luptatum zzril delenit augue duis dolore te feugait nulla facilisi.', 'Lorem ipsum dolor sit amet, consectetuer adipiscing elit, sed diam nonummy nibh euismod tincidunt ut laoreet dolore magna aliquam erat volutpat. Ut wisi enim ad minim veniam, quis nostrud exerci tation ullamcorper suscipit lobortis nisl ut aliquip ex ea commodo consequat. Duis autem vel eum iriure dolor in hendrerit in vulputate velit esse molestie consequat, vel illum dolore eu feugiat nulla facilisis at vero eros et accumsan et iusto odio dignissim qui blandit praesent luptatum zzril delenit augue duis dolore te feugait nulla facilisi.', 'Lorem ipsum dolor sit amet, consectetuer adipiscing elit, sed diam nonummy nibh euismod tincidunt ut laoreet dolore magna aliquam erat volutpat. Ut wisi enim ad minim veniam, quis nostrud exerci tation ullamcorper suscipit lobortis nisl ut aliquip ex ea commodo consequat. Duis autem vel eum iriure dolor in hendrerit in vulputate velit esse molestie consequat, vel illum dolore eu feugiat nulla facilisis at vero eros et accumsan et iusto odio dignissim qui blandit praesent luptatum zzril delenit augue duis dolore te feugait nulla facilisi.', 'Lorem ipsum dolor sit amet, consectetuer adipiscing elit, sed diam nonummy nibh euismod tincidunt ut laoreet dolore magna aliquam erat volutpat. Ut wisi enim ad minim veniam, quis nostrud exerci tation ullamcorper suscipit lobortis nisl ut aliquip ex ea commodo consequat. Duis autem vel eum iriure dolor in hendrerit in vulputate velit esse molestie consequat, vel illum dolore eu feugiat nulla facilisis at vero eros et accumsan et iusto odio dignissim qui blandit praesent luptatum zzril delenit augue duis dolore te feugait nulla facilisi.', 'Lorem ipsum dolor sit amet, consectetuer adipiscing elit, sed diam nonummy nibh euismod tincidunt ut laoreet dolore magna aliquam erat volutpat. Ut wisi enim ad minim veniam, quis nostrud exerci tation ullamcorper suscipit lobortis nisl ut aliquip ex ea commodo consequat. Duis autem vel eum iriure dolor in hendrerit in vulputate velit esse molestie consequat, vel illum dolore eu feugiat nulla facilisis at vero eros et accumsan et iusto odio dignissim qui blandit praesent luptatum zzril delenit augue duis dolore te feugait nulla facilisi.', 'Lorem ipsum dolor sit amet, consectetuer adipiscing elit, sed diam nonummy nibh euismod tincidunt ut laoreet dolore magna aliquam erat volutpat. Ut wisi enim ad minim veniam, quis nostrud exerci tation ullamcorper suscipit lobortis nisl ut aliquip ex ea commodo consequat. Duis autem vel eum iriure dolor in hendrerit in vulputate velit esse molestie consequat, vel illum dolore eu feugiat nulla facilisis at vero eros et accumsan et iusto odio dignissim qui blandit praesent luptatum zzril delenit augue duis dolore te feugait nulla facilisi.', 804567),
(7, 'Lorem ipsum dolor sit amet, consectetuer adipiscing elit, sed diam nonummy nibh euismod tincidunt ut laoreet dolore magna aliquam erat volutpat. Ut wisi enim ad minim veniam, quis nostrud exerci tation ullamcorper suscipit lobortis nisl ut aliquip ex ea commodo consequat. Duis autem vel eum iriure dolor in hendrerit in vulputate velit esse molestie consequat, vel illum dolore eu feugiat nulla facilisis at vero eros et accumsan et iusto odio dignissim qui blandit praesent luptatum zzril delenit augue duis dolore te feugait nulla facilisi.', 'Lorem ipsum dolor sit amet, consectetuer adipiscing elit, sed diam nonummy nibh euismod tincidunt ut laoreet dolore magna aliquam erat volutpat. Ut wisi enim ad minim veniam, quis nostrud exerci tation ullamcorper suscipit lobortis nisl ut aliquip ex ea commodo consequat. Duis autem vel eum iriure dolor in hendrerit in vulputate velit esse molestie consequat, vel illum dolore eu feugiat nulla facilisis at vero eros et accumsan et iusto odio dignissim qui blandit praesent luptatum zzril delenit augue duis dolore te feugait nulla facilisi.', 'Lorem ipsum dolor sit amet, consectetuer adipiscing elit, sed diam nonummy nibh euismod tincidunt ut laoreet dolore magna aliquam erat volutpat. Ut wisi enim ad minim veniam, quis nostrud exerci tation ullamcorper suscipit lobortis nisl ut aliquip ex ea commodo consequat. Duis autem vel eum iriure dolor in hendrerit in vulputate velit esse molestie consequat, vel illum dolore eu feugiat nulla facilisis at vero eros et accumsan et iusto odio dignissim qui blandit praesent luptatum zzril delenit augue duis dolore te feugait nulla facilisi.', 'Lorem ipsum dolor sit amet, consectetuer adipiscing elit, sed diam nonummy nibh euismod tincidunt ut laoreet dolore magna aliquam erat volutpat. Ut wisi enim ad minim veniam, quis nostrud exerci tation ullamcorper suscipit lobortis nisl ut aliquip ex ea commodo consequat. Duis autem vel eum iriure dolor in hendrerit in vulputate velit esse molestie consequat, vel illum dolore eu feugiat nulla facilisis at vero eros et accumsan et iusto odio dignissim qui blandit praesent luptatum zzril delenit augue duis dolore te feugait nulla facilisi.', 'Lorem ipsum dolor sit amet, consectetuer adipiscing elit, sed diam nonummy nibh euismod tincidunt ut laoreet dolore magna aliquam erat volutpat. Ut wisi enim ad minim veniam, quis nostrud exerci tation ullamcorper suscipit lobortis nisl ut aliquip ex ea commodo consequat. Duis autem vel eum iriure dolor in hendrerit in vulputate velit esse molestie consequat, vel illum dolore eu feugiat nulla facilisis at vero eros et accumsan et iusto odio dignissim qui blandit praesent luptatum zzril delenit augue duis dolore te feugait nulla facilisi.', 'Lorem ipsum dolor sit amet, consectetuer adipiscing elit, sed diam nonummy nibh euismod tincidunt ut laoreet dolore magna aliquam erat volutpat. Ut wisi enim ad minim veniam, quis nostrud exerci tation ullamcorper suscipit lobortis nisl ut aliquip ex ea commodo consequat. Duis autem vel eum iriure dolor in hendrerit in vulputate velit esse molestie consequat, vel illum dolore eu feugiat nulla facilisis at vero eros et accumsan et iusto odio dignissim qui blandit praesent luptatum zzril delenit augue duis dolore te feugait nulla facilisi.', 'Lorem ipsum dolor sit amet, consectetuer adipiscing elit, sed diam nonummy nibh euismod tincidunt ut laoreet dolore magna aliquam erat volutpat. Ut wisi enim ad minim veniam, quis nostrud exerci tation ullamcorper suscipit lobortis nisl ut aliquip ex ea commodo consequat. Duis autem vel eum iriure dolor in hendrerit in vulputate velit esse molestie consequat, vel illum dolore eu feugiat nulla facilisis at vero eros et accumsan et iusto odio dignissim qui blandit praesent luptatum zzril delenit augue duis dolore te feugait nulla facilisi.', 'Lorem ipsum dolor sit amet, consectetuer adipiscing elit, sed diam nonummy nibh euismod tincidunt ut laoreet dolore magna aliquam erat volutpat. Ut wisi enim ad minim veniam, quis nostrud exerci tation ullamcorper suscipit lobortis nisl ut aliquip ex ea commodo consequat. Duis autem vel eum iriure dolor in hendrerit in vulputate velit esse molestie consequat, vel illum dolore eu feugiat nulla facilisis at vero eros et accumsan et iusto odio dignissim qui blandit praesent luptatum zzril delenit augue duis dolore te feugait nulla facilisi.', 804561),
(8, 'Lorem ipsum dolor sit amet, consectetuer adipiscing elit, sed diam nonummy nibh euismod tincidunt ut laoreet dolore magna aliquam erat volutpat. Ut wisi enim ad minim veniam, quis nostrud exerci tation ullamcorper suscipit lobortis nisl ut aliquip ex ea commodo consequat. Duis autem vel eum iriure dolor in hendrerit in vulputate velit esse molestie consequat, vel illum dolore eu feugiat nulla facilisis at vero eros et accumsan et iusto odio dignissim qui blandit praesent luptatum zzril delenit augue duis dolore te feugait nulla facilisi.', 'Lorem ipsum dolor sit amet, consectetuer adipiscing elit, sed diam nonummy nibh euismod tincidunt ut laoreet dolore magna aliquam erat volutpat. Ut wisi enim ad minim veniam, quis nostrud exerci tation ullamcorper suscipit lobortis nisl ut aliquip ex ea commodo consequat. Duis autem vel eum iriure dolor in hendrerit in vulputate velit esse molestie consequat, vel illum dolore eu feugiat nulla facilisis at vero eros et accumsan et iusto odio dignissim qui blandit praesent luptatum zzril delenit augue duis dolore te feugait nulla facilisi.', 'Lorem ipsum dolor sit amet, consectetuer adipiscing elit, sed diam nonummy nibh euismod tincidunt ut laoreet dolore magna aliquam erat volutpat. Ut wisi enim ad minim veniam, quis nostrud exerci tation ullamcorper suscipit lobortis nisl ut aliquip ex ea commodo consequat. Duis autem vel eum iriure dolor in hendrerit in vulputate velit esse molestie consequat, vel illum dolore eu feugiat nulla facilisis at vero eros et accumsan et iusto odio dignissim qui blandit praesent luptatum zzril delenit augue duis dolore te feugait nulla facilisi.', 'Lorem ipsum dolor sit amet, consectetuer adipiscing elit, sed diam nonummy nibh euismod tincidunt ut laoreet dolore magna aliquam erat volutpat. Ut wisi enim ad minim veniam, quis nostrud exerci tation ullamcorper suscipit lobortis nisl ut aliquip ex ea commodo consequat. Duis autem vel eum iriure dolor in hendrerit in vulputate velit esse molestie consequat, vel illum dolore eu feugiat nulla facilisis at vero eros et accumsan et iusto odio dignissim qui blandit praesent luptatum zzril delenit augue duis dolore te feugait nulla facilisi.', 'Lorem ipsum dolor sit amet, consectetuer adipiscing elit, sed diam nonummy nibh euismod tincidunt ut laoreet dolore magna aliquam erat volutpat. Ut wisi enim ad minim veniam, quis nostrud exerci tation ullamcorper suscipit lobortis nisl ut aliquip ex ea commodo consequat. Duis autem vel eum iriure dolor in hendrerit in vulputate velit esse molestie consequat, vel illum dolore eu feugiat nulla facilisis at vero eros et accumsan et iusto odio dignissim qui blandit praesent luptatum zzril delenit augue duis dolore te feugait nulla facilisi.', 'Lorem ipsum dolor sit amet, consectetuer adipiscing elit, sed diam nonummy nibh euismod tincidunt ut laoreet dolore magna aliquam erat volutpat. Ut wisi enim ad minim veniam, quis nostrud exerci tation ullamcorper suscipit lobortis nisl ut aliquip ex ea commodo consequat. Duis autem vel eum iriure dolor in hendrerit in vulputate velit esse molestie consequat, vel illum dolore eu feugiat nulla facilisis at vero eros et accumsan et iusto odio dignissim qui blandit praesent luptatum zzril delenit augue duis dolore te feugait nulla facilisi.', 'Lorem ipsum dolor sit amet, consectetuer adipiscing elit, sed diam nonummy nibh euismod tincidunt ut laoreet dolore magna aliquam erat volutpat. Ut wisi enim ad minim veniam, quis nostrud exerci tation ullamcorper suscipit lobortis nisl ut aliquip ex ea commodo consequat. Duis autem vel eum iriure dolor in hendrerit in vulputate velit esse molestie consequat, vel illum dolore eu feugiat nulla facilisis at vero eros et accumsan et iusto odio dignissim qui blandit praesent luptatum zzril delenit augue duis dolore te feugait nulla facilisi.', 'Lorem ipsum dolor sit amet, consectetuer adipiscing elit, sed diam nonummy nibh euismod tincidunt ut laoreet dolore magna aliquam erat volutpat. Ut wisi enim ad minim veniam, quis nostrud exerci tation ullamcorper suscipit lobortis nisl ut aliquip ex ea commodo consequat. Duis autem vel eum iriure dolor in hendrerit in vulputate velit esse molestie consequat, vel illum dolore eu feugiat nulla facilisis at vero eros et accumsan et iusto odio dignissim qui blandit praesent luptatum zzril delenit augue duis dolore te feugait nulla facilisi.', 804563),
(9, 'Lorem ipsum dolor sit amet, consectetuer adipiscing elit, sed diam nonummy nibh euismod tincidunt ut laoreet dolore magna aliquam erat volutpat. Ut wisi enim ad minim veniam, quis nostrud exerci tation ullamcorper suscipit lobortis nisl ut aliquip ex ea commodo consequat. Duis autem vel eum iriure dolor in hendrerit in vulputate velit esse molestie consequat, vel illum dolore eu feugiat nulla facilisis at vero eros et accumsan et iusto odio dignissim qui blandit praesent luptatum zzril delenit augue duis dolore te feugait nulla facilisi.', 'Lorem ipsum dolor sit amet, consectetuer adipiscing elit, sed diam nonummy nibh euismod tincidunt ut laoreet dolore magna aliquam erat volutpat. Ut wisi enim ad minim veniam, quis nostrud exerci tation ullamcorper suscipit lobortis nisl ut aliquip ex ea commodo consequat. Duis autem vel eum iriure dolor in hendrerit in vulputate velit esse molestie consequat, vel illum dolore eu feugiat nulla facilisis at vero eros et accumsan et iusto odio dignissim qui blandit praesent luptatum zzril delenit augue duis dolore te feugait nulla facilisi.', 'Lorem ipsum dolor sit amet, consectetuer adipiscing elit, sed diam nonummy nibh euismod tincidunt ut laoreet dolore magna aliquam erat volutpat. Ut wisi enim ad minim veniam, quis nostrud exerci tation ullamcorper suscipit lobortis nisl ut aliquip ex ea commodo consequat. Duis autem vel eum iriure dolor in hendrerit in vulputate velit esse molestie consequat, vel illum dolore eu feugiat nulla facilisis at vero eros et accumsan et iusto odio dignissim qui blandit praesent luptatum zzril delenit augue duis dolore te feugait nulla facilisi.', 'Lorem ipsum dolor sit amet, consectetuer adipiscing elit, sed diam nonummy nibh euismod tincidunt ut laoreet dolore magna aliquam erat volutpat. Ut wisi enim ad minim veniam, quis nostrud exerci tation ullamcorper suscipit lobortis nisl ut aliquip ex ea commodo consequat. Duis autem vel eum iriure dolor in hendrerit in vulputate velit esse molestie consequat, vel illum dolore eu feugiat nulla facilisis at vero eros et accumsan et iusto odio dignissim qui blandit praesent luptatum zzril delenit augue duis dolore te feugait nulla facilisi.', 'Lorem ipsum dolor sit amet, consectetuer adipiscing elit, sed diam nonummy nibh euismod tincidunt ut laoreet dolore magna aliquam erat volutpat. Ut wisi enim ad minim veniam, quis nostrud exerci tation ullamcorper suscipit lobortis nisl ut aliquip ex ea commodo consequat. Duis autem vel eum iriure dolor in hendrerit in vulputate velit esse molestie consequat, vel illum dolore eu feugiat nulla facilisis at vero eros et accumsan et iusto odio dignissim qui blandit praesent luptatum zzril delenit augue duis dolore te feugait nulla facilisi.', 'Lorem ipsum dolor sit amet, consectetuer adipiscing elit, sed diam nonummy nibh euismod tincidunt ut laoreet dolore magna aliquam erat volutpat. Ut wisi enim ad minim veniam, quis nostrud exerci tation ullamcorper suscipit lobortis nisl ut aliquip ex ea commodo consequat. Duis autem vel eum iriure dolor in hendrerit in vulputate velit esse molestie consequat, vel illum dolore eu feugiat nulla facilisis at vero eros et accumsan et iusto odio dignissim qui blandit praesent luptatum zzril delenit augue duis dolore te feugait nulla facilisi.', 'Lorem ipsum dolor sit amet, consectetuer adipiscing elit, sed diam nonummy nibh euismod tincidunt ut laoreet dolore magna aliquam erat volutpat. Ut wisi enim ad minim veniam, quis nostrud exerci tation ullamcorper suscipit lobortis nisl ut aliquip ex ea commodo consequat. Duis autem vel eum iriure dolor in hendrerit in vulputate velit esse molestie consequat, vel illum dolore eu feugiat nulla facilisis at vero eros et accumsan et iusto odio dignissim qui blandit praesent luptatum zzril delenit augue duis dolore te feugait nulla facilisi.', 'Lorem ipsum dolor sit amet, consectetuer adipiscing elit, sed diam nonummy nibh euismod tincidunt ut laoreet dolore magna aliquam erat volutpat. Ut wisi enim ad minim veniam, quis nostrud exerci tation ullamcorper suscipit lobortis nisl ut aliquip ex ea commodo consequat. Duis autem vel eum iriure dolor in hendrerit in vulputate velit esse molestie consequat, vel illum dolore eu feugiat nulla facilisis at vero eros et accumsan et iusto odio dignissim qui blandit praesent luptatum zzril delenit augue duis dolore te feugait nulla facilisi.', 804575);

-- --------------------------------------------------------

--
-- Estructura de tabla para la tabla `configuracion`
--

CREATE TABLE `configuracion` (
  `IdConfiguracion` int(6) NOT NULL,
  `ConocimientosPrevios` tinyint(1) NOT NULL,
  `BreveDescripcion` tinyint(1) NOT NULL,
  `ProgramaTeorico` tinyint(1) NOT NULL,
  `ProgramaSeminarios` tinyint(1) NOT NULL,
  `ProgramaLaboratorio` tinyint(1) NOT NULL,
  `ComGenerales` tinyint(1) NOT NULL,
  `ComEspecificas` tinyint(1) NOT NULL,
  `ComBasicas` tinyint(1) NOT NULL,
  `ResultadosAprendizaje` tinyint(1) NOT NULL,
  `Metodologia` tinyint(1) NOT NULL,
  `CitasBibliograficas` tinyint(1) NOT NULL,
  `RecursosInternet` tinyint(1) NOT NULL,
  `GrupoLaboratorio` tinyint(1) NOT NULL,
  `RealizacionExamenes` tinyint(1) NOT NULL,
  `RealizacionActividades` tinyint(1) NOT NULL,
  `RealizacionLaboratorio` tinyint(1) NOT NULL,
  `CalificacionFinal` tinyint(1) NOT NULL,
  `IdAsignatura` int(6) NOT NULL
) ENGINE=InnoDB DEFAULT CHARSET=utf8mb4;

--
-- Volcado de datos para la tabla `configuracion`
--

INSERT INTO `configuracion` (`IdConfiguracion`, `ConocimientosPrevios`, `BreveDescripcion`, `ProgramaTeorico`, `ProgramaSeminarios`, `ProgramaLaboratorio`, `ComGenerales`, `ComEspecificas`, `ComBasicas`, `ResultadosAprendizaje`, `Metodologia`, `CitasBibliograficas`, `RecursosInternet`, `GrupoLaboratorio`, `RealizacionExamenes`, `RealizacionActividades`, `RealizacionLaboratorio`, `CalificacionFinal`, `IdAsignatura`) VALUES
(1, 1, 1, 1, 0, 0, 1, 1, 1, 1, 1, 1, 1, 0, 1, 1, 0, 1, 804564),
(2, 1, 1, 1, 0, 0, 1, 1, 1, 1, 1, 1, 1, 1, 1, 1, 1, 1, 804566),
(3, 1, 1, 1, 0, 0, 1, 1, 1, 1, 1, 1, 1, 0, 1, 1, 0, 1, 804562),
(4, 1, 1, 1, 0, 0, 1, 1, 1, 1, 1, 1, 1, 1, 1, 1, 1, 1, 804560),
(5, 1, 1, 1, 0, 0, 1, 1, 1, 1, 1, 1, 1, 1, 1, 1, 1, 1, 804567),
(6, 1, 1, 1, 0, 0, 1, 1, 1, 1, 1, 1, 1, 1, 1, 1, 1, 1, 804561),
(7, 1, 1, 1, 0, 0, 1, 1, 1, 1, 1, 1, 1, 0, 1, 1, 0, 1, 804563),
(8, 0, 1, 1, 0, 0, 1, 1, 0, 1, 1, 0, 1, 0, 1, 1, 1, 1, 804575);

-- --------------------------------------------------------

--
-- Estructura de tabla para la tabla `evaluacion`
--

CREATE TABLE `evaluacion` (
  `IdEvaluacion` int(6) NOT NULL,
  `RealizacionExamenes` text NOT NULL,
  `RealizacionExamenesi` text NOT NULL,
  `PesoExamenes` float NOT NULL,
  `RealizacionActividades` text NOT NULL,
  `RealizacionActividadesi` text NOT NULL,
  `PesoActividades` float NOT NULL,
  `RealizacionLaboratorio` text NOT NULL,
  `RealizacionLaboratorioi` text NOT NULL,
  `PesoLaboratorio` float NOT NULL,
  `CalificacionFinal` text NOT NULL,
  `CalificacionFinali` text NOT NULL,
  `IdAsignatura` int(6) NOT NULL
) ENGINE=InnoDB DEFAULT CHARSET=utf8mb4;

--
-- Volcado de datos para la tabla `evaluacion`
--

INSERT INTO `evaluacion` (`IdEvaluacion`, `RealizacionExamenes`, `RealizacionExamenesi`, `PesoExamenes`, `RealizacionActividades`, `RealizacionActividadesi`, `PesoActividades`, `RealizacionLaboratorio`, `RealizacionLaboratorioi`, `PesoLaboratorio`, `CalificacionFinal`, `CalificacionFinali`, `IdAsignatura`) VALUES
(2, 'Lorem ipsum dolor sit amet, consectetuer adipiscing elit, sed diam nonummy nibh euismod tincidunt ut laoreet dolore magna aliquam erat volutpat. Ut wisi enim ad minim veniam, quis nostrud exerci tation ullamcorper suscipit lobortis nisl ut aliquip ex ea commodo consequat. Duis autem vel eum iriure dolor in hendrerit in vulputate velit esse molestie consequat, vel illum dolore eu feugiat nulla facilisis at vero eros et accumsan et iusto odio dignissim qui blandit praesent luptatum zzril delenit augue duis dolore te feugait nulla facilisi.', 'Lorem ipsum dolor sit amet, consectetuer adipiscing elit, sed diam nonummy nibh euismod tincidunt ut laoreet dolore magna aliquam erat volutpat. Ut wisi enim ad minim veniam, quis nostrud exerci tation ullamcorper suscipit lobortis nisl ut aliquip ex ea commodo consequat. Duis autem vel eum iriure dolor in hendrerit in vulputate velit esse molestie consequat, vel illum dolore eu feugiat nulla facilisis at vero eros et accumsan et iusto odio dignissim qui blandit praesent luptatum zzril delenit augue duis dolore te feugait nulla facilisi.', 80, 'Lorem ipsum dolor sit amet, consectetuer adipiscing elit, sed diam nonummy nibh euismod tincidunt ut laoreet dolore magna aliquam erat volutpat. Ut wisi enim ad minim veniam, quis nostrud exerci tation ullamcorper suscipit lobortis nisl ut aliquip ex ea commodo consequat. Duis autem vel eum iriure dolor in hendrerit in vulputate velit esse molestie consequat, vel illum dolore eu feugiat nulla facilisis at vero eros et accumsan et iusto odio dignissim qui blandit praesent luptatum zzril delenit augue duis dolore te feugait nulla facilisi.', 'Lorem ipsum dolor sit amet, consectetuer adipiscing elit, sed diam nonummy nibh euismod tincidunt ut laoreet dolore magna aliquam erat volutpat. Ut wisi enim ad minim veniam, quis nostrud exerci tation ullamcorper suscipit lobortis nisl ut aliquip ex ea commodo consequat. Duis autem vel eum iriure dolor in hendrerit in vulputate velit esse molestie consequat, vel illum dolore eu feugiat nulla facilisis at vero eros et accumsan et iusto odio dignissim qui blandit praesent luptatum zzril delenit augue duis dolore te feugait nulla facilisi.', 20, '', '', 0, 'Lorem ipsum dolor sit amet, consectetuer adipiscing elit, sed diam nonummy nibh euismod tincidunt ut laoreet dolore magna aliquam erat volutpat. Ut wisi enim ad minim veniam, quis nostrud exerci tation ullamcorper suscipit lobortis nisl ut aliquip ex ea commodo consequat. Duis autem vel eum iriure dolor in hendrerit in vulputate velit esse molestie consequat, vel illum dolore eu feugiat nulla facilisis at vero eros et accumsan et iusto odio dignissim qui blandit praesent luptatum zzril delenit augue duis dolore te feugait nulla facilisi.', 'Lorem ipsum dolor sit amet, consectetuer adipiscing elit, sed diam nonummy nibh euismod tincidunt ut laoreet dolore magna aliquam erat volutpat. Ut wisi enim ad minim veniam, quis nostrud exerci tation ullamcorper suscipit lobortis nisl ut aliquip ex ea commodo consequat. Duis autem vel eum iriure dolor in hendrerit in vulputate velit esse molestie consequat, vel illum dolore eu feugiat nulla facilisis at vero eros et accumsan et iusto odio dignissim qui blandit praesent luptatum zzril delenit augue duis dolore te feugait nulla facilisi.', 804564),
(3, 'Lorem ipsum dolor sit amet, consectetuer adipiscing elit, sed diam nonummy nibh euismod tincidunt ut laoreet dolore magna aliquam erat volutpat. Ut wisi enim ad minim veniam, quis nostrud exerci tation ullamcorper suscipit lobortis nisl ut aliquip ex ea commodo consequat. Duis autem vel eum iriure dolor in hendrerit in vulputate velit esse molestie consequat, vel illum dolore eu feugiat nulla facilisis at vero eros et accumsan et iusto odio dignissim qui blandit praesent luptatum zzril delenit augue duis dolore te feugait nulla facilisi.', 'Lorem ipsum dolor sit amet, consectetuer adipiscing elit, sed diam nonummy nibh euismod tincidunt ut laoreet dolore magna aliquam erat volutpat. Ut wisi enim ad minim veniam, quis nostrud exerci tation ullamcorper suscipit lobortis nisl ut aliquip ex ea commodo consequat. Duis autem vel eum iriure dolor in hendrerit in vulputate velit esse molestie consequat, vel illum dolore eu feugiat nulla facilisis at vero eros et accumsan et iusto odio dignissim qui blandit praesent luptatum zzril delenit augue duis dolore te feugait nulla facilisi.', 60, 'Lorem ipsum dolor sit amet, consectetuer adipiscing elit, sed diam nonummy nibh euismod tincidunt ut laoreet dolore magna aliquam erat volutpat. Ut wisi enim ad minim veniam, quis nostrud exerci tation ullamcorper suscipit lobortis nisl ut aliquip ex ea commodo consequat. Duis autem vel eum iriure dolor in hendrerit in vulputate velit esse molestie consequat, vel illum dolore eu feugiat nulla facilisis at vero eros et accumsan et iusto odio dignissim qui blandit praesent luptatum zzril delenit augue duis dolore te feugait nulla facilisi.', 'Lorem ipsum dolor sit amet, consectetuer adipiscing elit, sed diam nonummy nibh euismod tincidunt ut laoreet dolore magna aliquam erat volutpat. Ut wisi enim ad minim veniam, quis nostrud exerci tation ullamcorper suscipit lobortis nisl ut aliquip ex ea commodo consequat. Duis autem vel eum iriure dolor in hendrerit in vulputate velit esse molestie consequat, vel illum dolore eu feugiat nulla facilisis at vero eros et accumsan et iusto odio dignissim qui blandit praesent luptatum zzril delenit augue duis dolore te feugait nulla facilisi.', 25, 'Lorem ipsum dolor sit amet, consectetuer adipiscing elit, sed diam nonummy nibh euismod tincidunt ut laoreet dolore magna aliquam erat volutpat. Ut wisi enim ad minim veniam, quis nostrud exerci tation ullamcorper suscipit lobortis nisl ut aliquip ex ea commodo consequat. Duis autem vel eum iriure dolor in hendrerit in vulputate velit esse molestie consequat, vel illum dolore eu feugiat nulla facilisis at vero eros et accumsan et iusto odio dignissim qui blandit praesent luptatum zzril delenit augue duis dolore te feugait nulla facilisi.', 'Lorem ipsum dolor sit amet, consectetuer adipiscing elit, sed diam nonummy nibh euismod tincidunt ut laoreet dolore magna aliquam erat volutpat. Ut wisi enim ad minim veniam, quis nostrud exerci tation ullamcorper suscipit lobortis nisl ut aliquip ex ea commodo consequat. Duis autem vel eum iriure dolor in hendrerit in vulputate velit esse molestie consequat, vel illum dolore eu feugiat nulla facilisis at vero eros et accumsan et iusto odio dignissim qui blandit praesent luptatum zzril delenit augue duis dolore te feugait nulla facilisi.', 15, 'Lorem ipsum dolor sit amet, consectetuer adipiscing elit, sed diam nonummy nibh euismod tincidunt ut laoreet dolore magna aliquam erat volutpat. Ut wisi enim ad minim veniam, quis nostrud exerci tation ullamcorper suscipit lobortis nisl ut aliquip ex ea commodo consequat. Duis autem vel eum iriure dolor in hendrerit in vulputate velit esse molestie consequat, vel illum dolore eu feugiat nulla facilisis at vero eros et accumsan et iusto odio dignissim qui blandit praesent luptatum zzril delenit augue duis dolore te feugait nulla facilisi.', 'Lorem ipsum dolor sit amet, consectetuer adipiscing elit, sed diam nonummy nibh euismod tincidunt ut laoreet dolore magna aliquam erat volutpat. Ut wisi enim ad minim veniam, quis nostrud exerci tation ullamcorper suscipit lobortis nisl ut aliquip ex ea commodo consequat. Duis autem vel eum iriure dolor in hendrerit in vulputate velit esse molestie consequat, vel illum dolore eu feugiat nulla facilisis at vero eros et accumsan et iusto odio dignissim qui blandit praesent luptatum zzril delenit augue duis dolore te feugait nulla facilisi.', 804566),
(4, 'Lorem ipsum dolor sit amet, consectetuer adipiscing elit, sed diam nonummy nibh euismod tincidunt ut laoreet dolore magna aliquam erat volutpat. Ut wisi enim ad minim veniam, quis nostrud exerci tation ullamcorper suscipit lobortis nisl ut aliquip ex ea commodo consequat. Duis autem vel eum iriure dolor in hendrerit in vulputate velit esse molestie consequat, vel illum dolore eu feugiat nulla facilisis at vero eros et accumsan et iusto odio dignissim qui blandit praesent luptatum zzril delenit augue duis dolore te feugait nulla facilisi.', 'Lorem ipsum dolor sit amet, consectetuer adipiscing elit, sed diam nonummy nibh euismod tincidunt ut laoreet dolore magna aliquam erat volutpat. Ut wisi enim ad minim veniam, quis nostrud exerci tation ullamcorper suscipit lobortis nisl ut aliquip ex ea commodo consequat. Duis autem vel eum iriure dolor in hendrerit in vulputate velit esse molestie consequat, vel illum dolore eu feugiat nulla facilisis at vero eros et accumsan et iusto odio dignissim qui blandit praesent luptatum zzril delenit augue duis dolore te feugait nulla facilisi.', 80, 'Lorem ipsum dolor sit amet, consectetuer adipiscing elit, sed diam nonummy nibh euismod tincidunt ut laoreet dolore magna aliquam erat volutpat. Ut wisi enim ad minim veniam, quis nostrud exerci tation ullamcorper suscipit lobortis nisl ut aliquip ex ea commodo consequat. Duis autem vel eum iriure dolor in hendrerit in vulputate velit esse molestie consequat, vel illum dolore eu feugiat nulla facilisis at vero eros et accumsan et iusto odio dignissim qui blandit praesent luptatum zzril delenit augue duis dolore te feugait nulla facilisi.', 'Lorem ipsum dolor sit amet, consectetuer adipiscing elit, sed diam nonummy nibh euismod tincidunt ut laoreet dolore magna aliquam erat volutpat. Ut wisi enim ad minim veniam, quis nostrud exerci tation ullamcorper suscipit lobortis nisl ut aliquip ex ea commodo consequat. Duis autem vel eum iriure dolor in hendrerit in vulputate velit esse molestie consequat, vel illum dolore eu feugiat nulla facilisis at vero eros et accumsan et iusto odio dignissim qui blandit praesent luptatum zzril delenit augue duis dolore te feugait nulla facilisi.', 20, 'Lorem ipsum dolor sit amet, consectetuer adipiscing elit, sed diam nonummy nibh euismod tincidunt ut laoreet dolore magna aliquam erat volutpat. Ut wisi enim ad minim veniam, quis nostrud exerci tation ullamcorper suscipit lobortis nisl ut aliquip ex ea commodo consequat. Duis autem vel eum iriure dolor in hendrerit in vulputate velit esse molestie consequat, vel illum dolore eu feugiat nulla facilisis at vero eros et accumsan et iusto odio dignissim qui blandit praesent luptatum zzril delenit augue duis dolore te feugait nulla facilisi.', 'Lorem ipsum dolor sit amet, consectetuer adipiscing elit, sed diam nonummy nibh euismod tincidunt ut laoreet dolore magna aliquam erat volutpat. Ut wisi enim ad minim veniam, quis nostrud exerci tation ullamcorper suscipit lobortis nisl ut aliquip ex ea commodo consequat. Duis autem vel eum iriure dolor in hendrerit in vulputate velit esse molestie consequat, vel illum dolore eu feugiat nulla facilisis at vero eros et accumsan et iusto odio dignissim qui blandit praesent luptatum zzril delenit augue duis dolore te feugait nulla facilisi.', 0, 'Lorem ipsum dolor sit amet, consectetuer adipiscing elit, sed diam nonummy nibh euismod tincidunt ut laoreet dolore magna aliquam erat volutpat. Ut wisi enim ad minim veniam, quis nostrud exerci tation ullamcorper suscipit lobortis nisl ut aliquip ex ea commodo consequat. Duis autem vel eum iriure dolor in hendrerit in vulputate velit esse molestie consequat, vel illum dolore eu feugiat nulla facilisis at vero eros et accumsan et iusto odio dignissim qui blandit praesent luptatum zzril delenit augue duis dolore te feugait nulla facilisi.', 'Lorem ipsum dolor sit amet, consectetuer adipiscing elit, sed diam nonummy nibh euismod tincidunt ut laoreet dolore magna aliquam erat volutpat. Ut wisi enim ad minim veniam, quis nostrud exerci tation ullamcorper suscipit lobortis nisl ut aliquip ex ea commodo consequat. Duis autem vel eum iriure dolor in hendrerit in vulputate velit esse molestie consequat, vel illum dolore eu feugiat nulla facilisis at vero eros et accumsan et iusto odio dignissim qui blandit praesent luptatum zzril delenit augue duis dolore te feugait nulla facilisi.', 804562),
(5, 'Lorem ipsum dolor sit amet, consectetuer adipiscing elit, sed diam nonummy nibh euismod tincidunt ut laoreet dolore magna aliquam erat volutpat. Ut wisi enim ad minim veniam, quis nostrud exerci tation ullamcorper suscipit lobortis nisl ut aliquip ex ea commodo consequat. Duis autem vel eum iriure dolor in hendrerit in vulputate velit esse molestie consequat, vel illum dolore eu feugiat nulla facilisis at vero eros et accumsan et iusto odio dignissim qui blandit praesent luptatum zzril delenit augue duis dolore te feugait nulla facilisi.', 'Lorem ipsum dolor sit amet, consectetuer adipiscing elit, sed diam nonummy nibh euismod tincidunt ut laoreet dolore magna aliquam erat volutpat. Ut wisi enim ad minim veniam, quis nostrud exerci tation ullamcorper suscipit lobortis nisl ut aliquip ex ea commodo consequat. Duis autem vel eum iriure dolor in hendrerit in vulputate velit esse molestie consequat, vel illum dolore eu feugiat nulla facilisis at vero eros et accumsan et iusto odio dignissim qui blandit praesent luptatum zzril delenit augue duis dolore te feugait nulla facilisi.', 70, 'Lorem ipsum dolor sit amet, consectetuer adipiscing elit, sed diam nonummy nibh euismod tincidunt ut laoreet dolore magna aliquam erat volutpat. Ut wisi enim ad minim veniam, quis nostrud exerci tation ullamcorper suscipit lobortis nisl ut aliquip ex ea commodo consequat. Duis autem vel eum iriure dolor in hendrerit in vulputate velit esse molestie consequat, vel illum dolore eu feugiat nulla facilisis at vero eros et accumsan et iusto odio dignissim qui blandit praesent luptatum zzril delenit augue duis dolore te feugait nulla facilisi.', 'Lorem ipsum dolor sit amet, consectetuer adipiscing elit, sed diam nonummy nibh euismod tincidunt ut laoreet dolore magna aliquam erat volutpat. Ut wisi enim ad minim veniam, quis nostrud exerci tation ullamcorper suscipit lobortis nisl ut aliquip ex ea commodo consequat. Duis autem vel eum iriure dolor in hendrerit in vulputate velit esse molestie consequat, vel illum dolore eu feugiat nulla facilisis at vero eros et accumsan et iusto odio dignissim qui blandit praesent luptatum zzril delenit augue duis dolore te feugait nulla facilisi.', 10, 'Lorem ipsum dolor sit amet, consectetuer adipiscing elit, sed diam nonummy nibh euismod tincidunt ut laoreet dolore magna aliquam erat volutpat. Ut wisi enim ad minim veniam, quis nostrud exerci tation ullamcorper suscipit lobortis nisl ut aliquip ex ea commodo consequat. Duis autem vel eum iriure dolor in hendrerit in vulputate velit esse molestie consequat, vel illum dolore eu feugiat nulla facilisis at vero eros et accumsan et iusto odio dignissim qui blandit praesent luptatum zzril delenit augue duis dolore te feugait nulla facilisi.', 'Lorem ipsum dolor sit amet, consectetuer adipiscing elit, sed diam nonummy nibh euismod tincidunt ut laoreet dolore magna aliquam erat volutpat. Ut wisi enim ad minim veniam, quis nostrud exerci tation ullamcorper suscipit lobortis nisl ut aliquip ex ea commodo consequat. Duis autem vel eum iriure dolor in hendrerit in vulputate velit esse molestie consequat, vel illum dolore eu feugiat nulla facilisis at vero eros et accumsan et iusto odio dignissim qui blandit praesent luptatum zzril delenit augue duis dolore te feugait nulla facilisi.', 20, 'Lorem ipsum dolor sit amet, consectetuer adipiscing elit, sed diam nonummy nibh euismod tincidunt ut laoreet dolore magna aliquam erat volutpat. Ut wisi enim ad minim veniam, quis nostrud exerci tation ullamcorper suscipit lobortis nisl ut aliquip ex ea commodo consequat. Duis autem vel eum iriure dolor in hendrerit in vulputate velit esse molestie consequat, vel illum dolore eu feugiat nulla facilisis at vero eros et accumsan et iusto odio dignissim qui blandit praesent luptatum zzril delenit augue duis dolore te feugait nulla facilisi.', 'Lorem ipsum dolor sit amet, consectetuer adipiscing elit, sed diam nonummy nibh euismod tincidunt ut laoreet dolore magna aliquam erat volutpat. Ut wisi enim ad minim veniam, quis nostrud exerci tation ullamcorper suscipit lobortis nisl ut aliquip ex ea commodo consequat. Duis autem vel eum iriure dolor in hendrerit in vulputate velit esse molestie consequat, vel illum dolore eu feugiat nulla facilisis at vero eros et accumsan et iusto odio dignissim qui blandit praesent luptatum zzril delenit augue duis dolore te feugait nulla facilisi.', 804560),
(6, 'Lorem ipsum dolor sit amet, consectetuer adipiscing elit, sed diam nonummy nibh euismod tincidunt ut laoreet dolore magna aliquam erat volutpat. Ut wisi enim ad minim veniam, quis nostrud exerci tation ullamcorper suscipit lobortis nisl ut aliquip ex ea commodo consequat. Duis autem vel eum iriure dolor in hendrerit in vulputate velit esse molestie consequat, vel illum dolore eu feugiat nulla facilisis at vero eros et accumsan et iusto odio dignissim qui blandit praesent luptatum zzril delenit augue duis dolore te feugait nulla facilisi.', 'Lorem ipsum dolor sit amet, consectetuer adipiscing elit, sed diam nonummy nibh euismod tincidunt ut laoreet dolore magna aliquam erat volutpat. Ut wisi enim ad minim veniam, quis nostrud exerci tation ullamcorper suscipit lobortis nisl ut aliquip ex ea commodo consequat. Duis autem vel eum iriure dolor in hendrerit in vulputate velit esse molestie consequat, vel illum dolore eu feugiat nulla facilisis at vero eros et accumsan et iusto odio dignissim qui blandit praesent luptatum zzril delenit augue duis dolore te feugait nulla facilisi.', 70, 'Lorem ipsum dolor sit amet, consectetuer adipiscing elit, sed diam nonummy nibh euismod tincidunt ut laoreet dolore magna aliquam erat volutpat. Ut wisi enim ad minim veniam, quis nostrud exerci tation ullamcorper suscipit lobortis nisl ut aliquip ex ea commodo consequat. Duis autem vel eum iriure dolor in hendrerit in vulputate velit esse molestie consequat, vel illum dolore eu feugiat nulla facilisis at vero eros et accumsan et iusto odio dignissim qui blandit praesent luptatum zzril delenit augue duis dolore te feugait nulla facilisi.', 'Lorem ipsum dolor sit amet, consectetuer adipiscing elit, sed diam nonummy nibh euismod tincidunt ut laoreet dolore magna aliquam erat volutpat. Ut wisi enim ad minim veniam, quis nostrud exerci tation ullamcorper suscipit lobortis nisl ut aliquip ex ea commodo consequat. Duis autem vel eum iriure dolor in hendrerit in vulputate velit esse molestie consequat, vel illum dolore eu feugiat nulla facilisis at vero eros et accumsan et iusto odio dignissim qui blandit praesent luptatum zzril delenit augue duis dolore te feugait nulla facilisi.', 10, 'Lorem ipsum dolor sit amet, consectetuer adipiscing elit, sed diam nonummy nibh euismod tincidunt ut laoreet dolore magna aliquam erat volutpat. Ut wisi enim ad minim veniam, quis nostrud exerci tation ullamcorper suscipit lobortis nisl ut aliquip ex ea commodo consequat. Duis autem vel eum iriure dolor in hendrerit in vulputate velit esse molestie consequat, vel illum dolore eu feugiat nulla facilisis at vero eros et accumsan et iusto odio dignissim qui blandit praesent luptatum zzril delenit augue duis dolore te feugait nulla facilisi.', 'Lorem ipsum dolor sit amet, consectetuer adipiscing elit, sed diam nonummy nibh euismod tincidunt ut laoreet dolore magna aliquam erat volutpat. Ut wisi enim ad minim veniam, quis nostrud exerci tation ullamcorper suscipit lobortis nisl ut aliquip ex ea commodo consequat. Duis autem vel eum iriure dolor in hendrerit in vulputate velit esse molestie consequat, vel illum dolore eu feugiat nulla facilisis at vero eros et accumsan et iusto odio dignissim qui blandit praesent luptatum zzril delenit augue duis dolore te feugait nulla facilisi.', 20, 'Lorem ipsum dolor sit amet, consectetuer adipiscing elit, sed diam nonummy nibh euismod tincidunt ut laoreet dolore magna aliquam erat volutpat. Ut wisi enim ad minim veniam, quis nostrud exerci tation ullamcorper suscipit lobortis nisl ut aliquip ex ea commodo consequat. Duis autem vel eum iriure dolor in hendrerit in vulputate velit esse molestie consequat, vel illum dolore eu feugiat nulla facilisis at vero eros et accumsan et iusto odio dignissim qui blandit praesent luptatum zzril delenit augue duis dolore te feugait nulla facilisi.', 'Lorem ipsum dolor sit amet, consectetuer adipiscing elit, sed diam nonummy nibh euismod tincidunt ut laoreet dolore magna aliquam erat volutpat. Ut wisi enim ad minim veniam, quis nostrud exerci tation ullamcorper suscipit lobortis nisl ut aliquip ex ea commodo consequat. Duis autem vel eum iriure dolor in hendrerit in vulputate velit esse molestie consequat, vel illum dolore eu feugiat nulla facilisis at vero eros et accumsan et iusto odio dignissim qui blandit praesent luptatum zzril delenit augue duis dolore te feugait nulla facilisi.', 804567),
(7, 'Lorem ipsum dolor sit amet, consectetuer adipiscing elit, sed diam nonummy nibh euismod tincidunt ut laoreet dolore magna aliquam erat volutpat. Ut wisi enim ad minim veniam, quis nostrud exerci tation ullamcorper suscipit lobortis nisl ut aliquip ex ea commodo consequat. Duis autem vel eum iriure dolor in hendrerit in vulputate velit esse molestie consequat, vel illum dolore eu feugiat nulla facilisis at vero eros et accumsan et iusto odio dignissim qui blandit praesent luptatum zzril delenit augue duis dolore te feugait nulla facilisi.', 'Lorem ipsum dolor sit amet, consectetuer adipiscing elit, sed diam nonummy nibh euismod tincidunt ut laoreet dolore magna aliquam erat volutpat. Ut wisi enim ad minim veniam, quis nostrud exerci tation ullamcorper suscipit lobortis nisl ut aliquip ex ea commodo consequat. Duis autem vel eum iriure dolor in hendrerit in vulputate velit esse molestie consequat, vel illum dolore eu feugiat nulla facilisis at vero eros et accumsan et iusto odio dignissim qui blandit praesent luptatum zzril delenit augue duis dolore te feugait nulla facilisi.', 70, 'Lorem ipsum dolor sit amet, consectetuer adipiscing elit, sed diam nonummy nibh euismod tincidunt ut laoreet dolore magna aliquam erat volutpat. Ut wisi enim ad minim veniam, quis nostrud exerci tation ullamcorper suscipit lobortis nisl ut aliquip ex ea commodo consequat. Duis autem vel eum iriure dolor in hendrerit in vulputate velit esse molestie consequat, vel illum dolore eu feugiat nulla facilisis at vero eros et accumsan et iusto odio dignissim qui blandit praesent luptatum zzril delenit augue duis dolore te feugait nulla facilisi.', 'Lorem ipsum dolor sit amet, consectetuer adipiscing elit, sed diam nonummy nibh euismod tincidunt ut laoreet dolore magna aliquam erat volutpat. Ut wisi enim ad minim veniam, quis nostrud exerci tation ullamcorper suscipit lobortis nisl ut aliquip ex ea commodo consequat. Duis autem vel eum iriure dolor in hendrerit in vulputate velit esse molestie consequat, vel illum dolore eu feugiat nulla facilisis at vero eros et accumsan et iusto odio dignissim qui blandit praesent luptatum zzril delenit augue duis dolore te feugait nulla facilisi.', 10, 'Lorem ipsum dolor sit amet, consectetuer adipiscing elit, sed diam nonummy nibh euismod tincidunt ut laoreet dolore magna aliquam erat volutpat. Ut wisi enim ad minim veniam, quis nostrud exerci tation ullamcorper suscipit lobortis nisl ut aliquip ex ea commodo consequat. Duis autem vel eum iriure dolor in hendrerit in vulputate velit esse molestie consequat, vel illum dolore eu feugiat nulla facilisis at vero eros et accumsan et iusto odio dignissim qui blandit praesent luptatum zzril delenit augue duis dolore te feugait nulla facilisi.', 'Lorem ipsum dolor sit amet, consectetuer adipiscing elit, sed diam nonummy nibh euismod tincidunt ut laoreet dolore magna aliquam erat volutpat. Ut wisi enim ad minim veniam, quis nostrud exerci tation ullamcorper suscipit lobortis nisl ut aliquip ex ea commodo consequat. Duis autem vel eum iriure dolor in hendrerit in vulputate velit esse molestie consequat, vel illum dolore eu feugiat nulla facilisis at vero eros et accumsan et iusto odio dignissim qui blandit praesent luptatum zzril delenit augue duis dolore te feugait nulla facilisi.', 20, 'Lorem ipsum dolor sit amet, consectetuer adipiscing elit, sed diam nonummy nibh euismod tincidunt ut laoreet dolore magna aliquam erat volutpat. Ut wisi enim ad minim veniam, quis nostrud exerci tation ullamcorper suscipit lobortis nisl ut aliquip ex ea commodo consequat. Duis autem vel eum iriure dolor in hendrerit in vulputate velit esse molestie consequat, vel illum dolore eu feugiat nulla facilisis at vero eros et accumsan et iusto odio dignissim qui blandit praesent luptatum zzril delenit augue duis dolore te feugait nulla facilisi.', 'Lorem ipsum dolor sit amet, consectetuer adipiscing elit, sed diam nonummy nibh euismod tincidunt ut laoreet dolore magna aliquam erat volutpat. Ut wisi enim ad minim veniam, quis nostrud exerci tation ullamcorper suscipit lobortis nisl ut aliquip ex ea commodo consequat. Duis autem vel eum iriure dolor in hendrerit in vulputate velit esse molestie consequat, vel illum dolore eu feugiat nulla facilisis at vero eros et accumsan et iusto odio dignissim qui blandit praesent luptatum zzril delenit augue duis dolore te feugait nulla facilisi.', 804561),
(8, 'Lorem ipsum dolor sit amet, consectetuer adipiscing elit, sed diam nonummy nibh euismod tincidunt ut laoreet dolore magna aliquam erat volutpat. Ut wisi enim ad minim veniam, quis nostrud exerci tation ullamcorper suscipit lobortis nisl ut aliquip ex ea commodo consequat. Duis autem vel eum iriure dolor in hendrerit in vulputate velit esse molestie consequat, vel illum dolore eu feugiat nulla facilisis at vero eros et accumsan et iusto odio dignissim qui blandit praesent luptatum zzril delenit augue duis dolore te feugait nulla facilisi.', 'Lorem ipsum dolor sit amet, consectetuer adipiscing elit, sed diam nonummy nibh euismod tincidunt ut laoreet dolore magna aliquam erat volutpat. Ut wisi enim ad minim veniam, quis nostrud exerci tation ullamcorper suscipit lobortis nisl ut aliquip ex ea commodo consequat. Duis autem vel eum iriure dolor in hendrerit in vulputate velit esse molestie consequat, vel illum dolore eu feugiat nulla facilisis at vero eros et accumsan et iusto odio dignissim qui blandit praesent luptatum zzril delenit augue duis dolore te feugait nulla facilisi.', 75, 'Lorem ipsum dolor sit amet, consectetuer adipiscing elit, sed diam nonummy nibh euismod tincidunt ut laoreet dolore magna aliquam erat volutpat. Ut wisi enim ad minim veniam, quis nostrud exerci tation ullamcorper suscipit lobortis nisl ut aliquip ex ea commodo consequat. Duis autem vel eum iriure dolor in hendrerit in vulputate velit esse molestie consequat, vel illum dolore eu feugiat nulla facilisis at vero eros et accumsan et iusto odio dignissim qui blandit praesent luptatum zzril delenit augue duis dolore te feugait nulla facilisi.', 'Lorem ipsum dolor sit amet, consectetuer adipiscing elit, sed diam nonummy nibh euismod tincidunt ut laoreet dolore magna aliquam erat volutpat. Ut wisi enim ad minim veniam, quis nostrud exerci tation ullamcorper suscipit lobortis nisl ut aliquip ex ea commodo consequat. Duis autem vel eum iriure dolor in hendrerit in vulputate velit esse molestie consequat, vel illum dolore eu feugiat nulla facilisis at vero eros et accumsan et iusto odio dignissim qui blandit praesent luptatum zzril delenit augue duis dolore te feugait nulla facilisi.', 25, '', '', 0, 'Lorem ipsum dolor sit amet, consectetuer adipiscing elit, sed diam nonummy nibh euismod tincidunt ut laoreet dolore magna aliquam erat volutpat. Ut wisi enim ad minim veniam, quis nostrud exerci tation ullamcorper suscipit lobortis nisl ut aliquip ex ea commodo consequat. Duis autem vel eum iriure dolor in hendrerit in vulputate velit esse molestie consequat, vel illum dolore eu feugiat nulla facilisis at vero eros et accumsan et iusto odio dignissim qui blandit praesent luptatum zzril delenit augue duis dolore te feugait nulla facilisi.', 'Lorem ipsum dolor sit amet, consectetuer adipiscing elit, sed diam nonummy nibh euismod tincidunt ut laoreet dolore magna aliquam erat volutpat. Ut wisi enim ad minim veniam, quis nostrud exerci tation ullamcorper suscipit lobortis nisl ut aliquip ex ea commodo consequat. Duis autem vel eum iriure dolor in hendrerit in vulputate velit esse molestie consequat, vel illum dolore eu feugiat nulla facilisis at vero eros et accumsan et iusto odio dignissim qui blandit praesent luptatum zzril delenit augue duis dolore te feugait nulla facilisi.', 804563),
(9, 'Lorem ipsum dolor sit amet, consectetuer adipiscing elit, sed diam nonummy nibh euismod tincidunt ut laoreet dolore magna aliquam erat volutpat. Ut wisi enim ad minim veniam, quis nostrud exerci tation ullamcorper suscipit lobortis nisl ut aliquip ex ea commodo consequat. Duis autem vel eum iriure dolor in hendrerit in vulputate velit esse molestie consequat, vel illum dolore eu feugiat nulla facilisis at vero eros et accumsan et iusto odio dignissim qui blandit praesent luptatum zzril delenit augue duis dolore te feugait nulla facilisi.', 'Lorem ipsum dolor sit amet, consectetuer adipiscing elit, sed diam nonummy nibh euismod tincidunt ut laoreet dolore magna aliquam erat volutpat. Ut wisi enim ad minim veniam, quis nostrud exerci tation ullamcorper suscipit lobortis nisl ut aliquip ex ea commodo consequat. Duis autem vel eum iriure dolor in hendrerit in vulputate velit esse molestie consequat, vel illum dolore eu feugiat nulla facilisis at vero eros et accumsan et iusto odio dignissim qui blandit praesent luptatum zzril delenit augue duis dolore te feugait nulla facilisi.', 70, 'Lorem ipsum dolor sit amet, consectetuer adipiscing elit, sed diam nonummy nibh euismod tincidunt ut laoreet dolore magna aliquam erat volutpat. Ut wisi enim ad minim veniam, quis nostrud exerci tation ullamcorper suscipit lobortis nisl ut aliquip ex ea commodo consequat. Duis autem vel eum iriure dolor in hendrerit in vulputate velit esse molestie consequat, vel illum dolore eu feugiat nulla facilisis at vero eros et accumsan et iusto odio dignissim qui blandit praesent luptatum zzril delenit augue duis dolore te feugait nulla facilisi.', 'Lorem ipsum dolor sit amet, consectetuer adipiscing elit, sed diam nonummy nibh euismod tincidunt ut laoreet dolore magna aliquam erat volutpat. Ut wisi enim ad minim veniam, quis nostrud exerci tation ullamcorper suscipit lobortis nisl ut aliquip ex ea commodo consequat. Duis autem vel eum iriure dolor in hendrerit in vulputate velit esse molestie consequat, vel illum dolore eu feugiat nulla facilisis at vero eros et accumsan et iusto odio dignissim qui blandit praesent luptatum zzril delenit augue duis dolore te feugait nulla facilisi.', 20, 'Lorem ipsum dolor sit amet, consectetuer adipiscing elit, sed diam nonummy nibh euismod tincidunt ut laoreet dolore magna aliquam erat volutpat. Ut wisi enim ad minim veniam, quis nostrud exerci tation ullamcorper suscipit lobortis nisl ut aliquip ex ea commodo consequat. Duis autem vel eum iriure dolor in hendrerit in vulputate velit esse molestie consequat, vel illum dolore eu feugiat nulla facilisis at vero eros et accumsan et iusto odio dignissim qui blandit praesent luptatum zzril delenit augue duis dolore te feugait nulla facilisi.', 'Lorem ipsum dolor sit amet, consectetuer adipiscing elit, sed diam nonummy nibh euismod tincidunt ut laoreet dolore magna aliquam erat volutpat. Ut wisi enim ad minim veniam, quis nostrud exerci tation ullamcorper suscipit lobortis nisl ut aliquip ex ea commodo consequat. Duis autem vel eum iriure dolor in hendrerit in vulputate velit esse molestie consequat, vel illum dolore eu feugiat nulla facilisis at vero eros et accumsan et iusto odio dignissim qui blandit praesent luptatum zzril delenit augue duis dolore te feugait nulla facilisi.', 10, 'Lorem ipsum dolor sit amet, consectetuer adipiscing elit, sed diam nonummy nibh euismod tincidunt ut laoreet dolore magna aliquam erat volutpat. Ut wisi enim ad minim veniam, quis nostrud exerci tation ullamcorper suscipit lobortis nisl ut aliquip ex ea commodo consequat. Duis autem vel eum iriure dolor in hendrerit in vulputate velit esse molestie consequat, vel illum dolore eu feugiat nulla facilisis at vero eros et accumsan et iusto odio dignissim qui blandit praesent luptatum zzril delenit augue duis dolore te feugait nulla facilisi.', 'Lorem ipsum dolor sit amet, consectetuer adipiscing elit, sed diam nonummy nibh euismod tincidunt ut laoreet dolore magna aliquam erat volutpat. Ut wisi enim ad minim veniam, quis nostrud exerci tation ullamcorper suscipit lobortis nisl ut aliquip ex ea commodo consequat. Duis autem vel eum iriure dolor in hendrerit in vulputate velit esse molestie consequat, vel illum dolore eu feugiat nulla facilisis at vero eros et accumsan et iusto odio dignissim qui blandit praesent luptatum zzril delenit augue duis dolore te feugait nulla facilisi.', 804575);

-- --------------------------------------------------------

--
-- Estructura de tabla para la tabla `grado`
--

CREATE TABLE `grado` (
  `CodigoGrado` int(4) NOT NULL,
  `NombreGrado` varchar(100) NOT NULL,
  `CoordinadorGrado` varchar(50) NOT NULL,
  `HorasEcts` int(2) NOT NULL
) ENGINE=InnoDB DEFAULT CHARSET=utf8mb4;

--
-- Volcado de datos para la tabla `grado`
--

INSERT INTO `grado` (`CodigoGrado`, `NombreGrado`, `CoordinadorGrado`, `HorasEcts`) VALUES
(808, 'Grado en física', '', 26),
(887, 'Grado en ingeniería de materiales', '', 26),
(890, 'Ingeniería Electrónica de Comunicaciones', '', 26);

-- --------------------------------------------------------

--
-- Estructura de tabla para la tabla `grupoclase`
--

CREATE TABLE `grupoclase` (
  `IdGrupoClase` int(6) NOT NULL,
  `Letra` varchar(20) NOT NULL,
  `Idioma` varchar(50) NOT NULL,
  `IdAsignatura` int(6) NOT NULL
) ENGINE=InnoDB DEFAULT CHARSET=utf8mb4;

--
-- Volcado de datos para la tabla `grupoclase`
--

INSERT INTO `grupoclase` (`IdGrupoClase`, `Letra`, `Idioma`, `IdAsignatura`) VALUES
(6, 'Unico', 'Español', 804564);

-- --------------------------------------------------------

--
-- Estructura de tabla para la tabla `grupoclaseprofesor`
--

CREATE TABLE `grupoclaseprofesor` (
  `IdGrupoClase` int(6) NOT NULL,
  `Tipo` varchar(20) NOT NULL,
  `FechaInicio` date NOT NULL,
  `FechaFin` date NOT NULL,
  `EmailProfesor` varchar(50) NOT NULL
) ENGINE=InnoDB DEFAULT CHARSET=utf8mb4;

--
-- Volcado de datos para la tabla `grupoclaseprofesor`
--

INSERT INTO `grupoclaseprofesor` (`IdGrupoClase`, `Tipo`, `FechaInicio`, `FechaFin`, `EmailProfesor`) VALUES
(6, '', '0000-00-00', '0000-00-00', 'coordinadorAM@ucm.es'),
(6, 'P', '0000-00-00', '0000-00-00', 'igarcia@ucm.es');

-- --------------------------------------------------------

--
-- Estructura de tabla para la tabla `grupolaboratorio`
--

CREATE TABLE `grupolaboratorio` (
  `IdGrupoLab` int(6) NOT NULL,
  `Letra` varchar(20) CHARACTER SET utf8mb4 NOT NULL,
  `Idioma` varchar(50) CHARACTER SET utf8mb4 NOT NULL,
  `IdAsignatura` int(6) NOT NULL
) ENGINE=InnoDB DEFAULT CHARSET=utf8mb4 COLLATE=utf8mb4_unicode_ci;

--
-- Volcado de datos para la tabla `grupolaboratorio`
--

INSERT INTO `grupolaboratorio` (`IdGrupoLab`, `Letra`, `Idioma`, `IdAsignatura`) VALUES
(14, 'A', 'Español', 804566),
(15, 'B', 'Español', 804566);

-- --------------------------------------------------------

--
-- Estructura de tabla para la tabla `grupolaboratorioprofesor`
--

CREATE TABLE `grupolaboratorioprofesor` (
  `IdGrupoLab` int(6) NOT NULL,
  `FechaInicio` date NOT NULL,
  `FechaFin` date NOT NULL,
  `EmailProfesor` varchar(50) NOT NULL
) ENGINE=InnoDB DEFAULT CHARSET=utf8mb4;

--
-- Volcado de datos para la tabla `grupolaboratorioprofesor`
--

INSERT INTO `grupolaboratorioprofesor` (`IdGrupoLab`, `FechaInicio`, `FechaFin`, `EmailProfesor`) VALUES
(14, '0000-00-00', '0000-00-00', 'igarcia@ucm.es'),
(15, '0000-00-00', '0000-00-00', 'virginia@fdi.ucm.es');

-- --------------------------------------------------------

--
-- Estructura de tabla para la tabla `horarioclase`
--

CREATE TABLE `horarioclase` (
  `IdHorarioClase` int(6) NOT NULL,
  `Aula` varchar(100) NOT NULL,
  `Dia` varchar(1) NOT NULL,
  `HoraInicio` time NOT NULL,
  `HoraFin` time NOT NULL,
  `IdGrupoClase` int(6) NOT NULL
) ENGINE=InnoDB DEFAULT CHARSET=utf8mb4;

--
-- Volcado de datos para la tabla `horarioclase`
--

INSERT INTO `horarioclase` (`IdHorarioClase`, `Aula`, `Dia`, `HoraInicio`, `HoraFin`, `IdGrupoClase`) VALUES
(25, '8', 'L', '10:30:00', '12:00:00', 6),
(26, '8', 'X', '11:00:00', '12:00:00', 6),
(27, '8', 'V', '09:00:00', '10:00:00', 6);

-- --------------------------------------------------------

--
-- Estructura de tabla para la tabla `horariolaboratorio`
--

CREATE TABLE `horariolaboratorio` (
  `IdHorarioLab` int(6) NOT NULL,
  `Laboratorio` varchar(100) NOT NULL,
  `Dia` varchar(1) NOT NULL,
  `HoraInicio` time NOT NULL,
  `HoraFin` time NOT NULL,
  `IdGrupoLab` int(6) NOT NULL
) ENGINE=InnoDB DEFAULT CHARSET=utf8mb4;

--
-- Volcado de datos para la tabla `horariolaboratorio`
--

INSERT INTO `horariolaboratorio` (`IdHorarioLab`, `Laboratorio`, `Dia`, `HoraInicio`, `HoraFin`, `IdGrupoLab`) VALUES
(1, '1', 'L', '09:00:00', '11:00:00', 14),
(2, '1', 'L', '16:00:00', '18:30:00', 15);

-- --------------------------------------------------------

--
-- Estructura de tabla para la tabla `laboratorio`
--

CREATE TABLE `laboratorio` (
  `IdLaboratorio` int(6) NOT NULL,
  `Creditos` float NOT NULL,
  `Presencial` float NOT NULL,
  `IdAsignatura` int(6) NOT NULL
) ENGINE=InnoDB DEFAULT CHARSET=utf8mb4;

--
-- Volcado de datos para la tabla `laboratorio`
--

INSERT INTO `laboratorio` (`IdLaboratorio`, `Creditos`, `Presencial`, `IdAsignatura`) VALUES
(3, 0, 0, 804564),
(4, 2, 70, 804566),
(5, 0, 0, 804562),
(6, 0.5, 70, 804560),
(7, 1, 70, 804567),
(8, 1.5, 70, 804561),
(9, 0, 0, 804563),
(10, 1, 70, 804575),
(11, 0, 0, 800490),
(12, 0, 0, 800492),
(13, 0, 0, 800495),
(14, 5, 60, 800496),
(15, 1, 9, 800491),
(16, 0, 0, 800493),
(17, 0, 0, 800494),
(18, 0, 0, 800497),
(19, 1, 15, 804500),
(20, 0, 0, 804502),
(21, 0, 0, 804505),
(22, 1.5, 21, 804543),
(23, 0, 0, 804510),
(24, 1, 15, 804501),
(25, 2, 14, 804503),
(26, 0, 0, 804506),
(27, 4, 56, 804507),
(28, 1.5, 21, 804511);

-- --------------------------------------------------------

--
-- Estructura de tabla para la tabla `materia`
--

CREATE TABLE `materia` (
  `IdMateria` int(6) NOT NULL,
  `NombreMateria` varchar(100) NOT NULL,
  `Caracter` varchar(50) NOT NULL,
  `CreditosMateria` float NOT NULL,
  `IdModulo` int(5) NOT NULL
) ENGINE=InnoDB DEFAULT CHARSET=utf8mb4;

--
-- Volcado de datos para la tabla `materia`
--

INSERT INTO `materia` (`IdMateria`, `NombreMateria`, `Caracter`, `CreditosMateria`, `IdModulo`) VALUES
(80811, 'Física', 'Obligatorio', 24, 8081),
(80812, 'Matemáticas', 'Obligatorio', 24, 8081),
(80813, 'Química', 'Obligatorio', 6, 8081),
(80814, 'Informática', 'Obligatorio', 6, 8081),
(80821, 'Física clásica', 'Obligatorio', 34.5, 8082),
(80822, 'Física cuántica y estadística', 'Obligatorio', 30, 8082),
(80823, 'Métodos matemáticos de la física', 'Obligatorio', 12, 8082),
(80824, 'Laboratorio de física', 'Obligatorio', 13.5, 8082),
(80831, 'Obligatoria de física fundamental', 'Obligatorio de itinerario', 30, 8083),
(80832, 'Astrofísica y cosmología ', 'Optativo', 30, 8083),
(80833, 'Estructura de la materia', 'Optativo', 30, 8083),
(80834, 'Física teórica', 'Optativo', 30, 8083),
(80841, 'Obligatoria de física aplicada', 'Obligatorio de itinerario', 30, 8084),
(80842, 'Electrónica y procesos físicos', 'Optativo', 36, 8084),
(80843, 'Física de materiales', 'Optativo', 24, 8084),
(80844, 'Física de la atmósfera y de la tierra', 'Optativo', 30, 8084),
(80851, 'Formación transversal', 'Optativo', 36, 8085),
(80852, 'Prácticas', 'Optativo', 6, 8085),
(80861, 'Trabajo fin de grado', 'Obligatorio', 6, 8086),
(88711, 'Física', 'Formación básica', 19, 8871),
(88712, 'Química', 'Formación básica', 12, 8871),
(88713, 'Matemáticas', 'Formación básica', 17, 8871),
(88714, 'Biología', 'Formación básica', 6, 8871),
(88715, 'Informática', 'Formación básica', 6, 8871),
(88721, 'Estructura, descripción y caracterización de los materiales', 'Obligatorio', 23, 8872),
(88731, 'Comportamiento mecánico', 'Obligatorio', 18, 8873),
(88732, 'Comportamiento electrónico, térmico, óptico y magnético', 'Obligatorio', 12, 8873),
(88733, 'Ingeniería de superficies', 'Obligatorio', 6, 8873),
(88734, 'Modelización y simulacion de materiales', 'Obligatorio', 5, 8873),
(88735, 'Comportamiento químico y biológico', 'Obligatorio', 18, 8873),
(88741, 'Materiales estructurales', 'Obligatorio', 32, 8874),
(88742, 'Materiales funcionales', 'Obligatorio', 18, 8874),
(88743, 'Obtencion, procesado y reciclado de materiales', 'Obligatorio', 18, 8873),
(88751, 'Economia y gestión de proyectos', 'Obligatorio', 8, 8875),
(88752, 'Asignaturas optativas', 'Optativo', 10, 8875),
(88761, 'Trabajo fin de grado', 'Trabajo fin de carrera', 12, 8876),
(89011, 'Física', 'Formación básica', 24, 8901),
(89012, 'Informática', 'Formación básica', 12, 8901),
(89013, 'Matemáticas', 'Formación básica', 24, 8901),
(89021, 'Fundamentos Físicos de la Electrónica', 'Obligatorio', 6, 8902),
(89022, 'Electromagnetismo', 'Obligatorio', 13.5, 8902),
(89023, 'Sistemas Lineales y Control', 'Obligatorio', 13.5, 8902),
(89024, 'Empresa', 'Obligatorio', 6, 8902),
(89031, 'Radiofrecuencia', 'Obligatorio', 13.5, 8903),
(89032, 'Electrónica', 'Obligatorio', 28.5, 8903),
(89041, 'Sistemas', 'Obligatorio', 27, 8904),
(89042, 'Redes', 'Obligatorio', 19.5, 8904),
(89051, 'Sistemas de Comunicación', 'Obligatorio', 22.5, 8905),
(89061, 'Créditos Optativos', 'Optativo', 18, 8906),
(89071, 'Trabajo Fin de Grado', 'Trabajo fin de carrera', 12, 8907);

-- --------------------------------------------------------

--
-- Estructura de tabla para la tabla `metodologia`
--

CREATE TABLE `metodologia` (
  `IdMetodologia` int(6) NOT NULL,
  `Metodologia` text NOT NULL,
  `Metodologiai` text NOT NULL,
  `IdAsignatura` int(6) NOT NULL
) ENGINE=InnoDB DEFAULT CHARSET=utf8mb4;

--
-- Volcado de datos para la tabla `metodologia`
--

INSERT INTO `metodologia` (`IdMetodologia`, `Metodologia`, `Metodologiai`, `IdAsignatura`) VALUES
(2, 'Lorem ipsum dolor sit amet, consectetuer adipiscing elit, sed diam nonummy nibh euismod tincidunt ut laoreet dolore magna aliquam erat volutpat. Ut wisi enim ad minim veniam, quis nostrud exerci tation ullamcorper suscipit lobortis nisl ut aliquip ex ea commodo consequat. Duis autem vel eum iriure dolor in hendrerit in vulputate velit esse molestie consequat, vel illum dolore eu feugiat nulla facilisis at vero eros et accumsan et iusto odio dignissim qui blandit praesent luptatum zzril delenit augue duis dolore te feugait nulla facilisi.', 'Lorem ipsum dolor sit amet, consectetuer adipiscing elit, sed diam nonummy nibh euismod tincidunt ut laoreet dolore magna aliquam erat volutpat. Ut wisi enim ad minim veniam, quis nostrud exerci tation ullamcorper suscipit lobortis nisl ut aliquip ex ea commodo consequat. Duis autem vel eum iriure dolor in hendrerit in vulputate velit esse molestie consequat, vel illum dolore eu feugiat nulla facilisis at vero eros et accumsan et iusto odio dignissim qui blandit praesent luptatum zzril delenit augue duis dolore te feugait nulla facilisi.', 804564),
(3, 'Lorem ipsum dolor sit amet, consectetuer adipiscing elit, sed diam nonummy nibh euismod tincidunt ut laoreet dolore magna aliquam erat volutpat. Ut wisi enim ad minim veniam, quis nostrud exerci tation ullamcorper suscipit lobortis nisl ut aliquip ex ea commodo consequat. Duis autem vel eum iriure dolor in hendrerit in vulputate velit esse molestie consequat, vel illum dolore eu feugiat nulla facilisis at vero eros et accumsan et iusto odio dignissim qui blandit praesent luptatum zzril delenit augue duis dolore te feugait nulla facilisi.', 'Lorem ipsum dolor sit amet, consectetuer adipiscing elit, sed diam nonummy nibh euismod tincidunt ut laoreet dolore magna aliquam erat volutpat. Ut wisi enim ad minim veniam, quis nostrud exerci tation ullamcorper suscipit lobortis nisl ut aliquip ex ea commodo consequat. Duis autem vel eum iriure dolor in hendrerit in vulputate velit esse molestie consequat, vel illum dolore eu feugiat nulla facilisis at vero eros et accumsan et iusto odio dignissim qui blandit praesent luptatum zzril delenit augue duis dolore te feugait nulla facilisi.', 804566),
(4, 'Lorem ipsum dolor sit amet, consectetuer adipiscing elit, sed diam nonummy nibh euismod tincidunt ut laoreet dolore magna aliquam erat volutpat. Ut wisi enim ad minim veniam, quis nostrud exerci tation ullamcorper suscipit lobortis nisl ut aliquip ex ea commodo consequat. Duis autem vel eum iriure dolor in hendrerit in vulputate velit esse molestie consequat, vel illum dolore eu feugiat nulla facilisis at vero eros et accumsan et iusto odio dignissim qui blandit praesent luptatum zzril delenit augue duis dolore te feugait nulla facilisi.', 'Lorem ipsum dolor sit amet, consectetuer adipiscing elit, sed diam nonummy nibh euismod tincidunt ut laoreet dolore magna aliquam erat volutpat. Ut wisi enim ad minim veniam, quis nostrud exerci tation ullamcorper suscipit lobortis nisl ut aliquip ex ea commodo consequat. Duis autem vel eum iriure dolor in hendrerit in vulputate velit esse molestie consequat, vel illum dolore eu feugiat nulla facilisis at vero eros et accumsan et iusto odio dignissim qui blandit praesent luptatum zzril delenit augue duis dolore te feugait nulla facilisi.', 804562),
(5, 'Lorem ipsum dolor sit amet, consectetuer adipiscing elit, sed diam nonummy nibh euismod tincidunt ut laoreet dolore magna aliquam erat volutpat. Ut wisi enim ad minim veniam, quis nostrud exerci tation ullamcorper suscipit lobortis nisl ut aliquip ex ea commodo consequat. Duis autem vel eum iriure dolor in hendrerit in vulputate velit esse molestie consequat, vel illum dolore eu feugiat nulla facilisis at vero eros et accumsan et iusto odio dignissim qui blandit praesent luptatum zzril delenit augue duis dolore te feugait nulla facilisi.', 'Lorem ipsum dolor sit amet, consectetuer adipiscing elit, sed diam nonummy nibh euismod tincidunt ut laoreet dolore magna aliquam erat volutpat. Ut wisi enim ad minim veniam, quis nostrud exerci tation ullamcorper suscipit lobortis nisl ut aliquip ex ea commodo consequat. Duis autem vel eum iriure dolor in hendrerit in vulputate velit esse molestie consequat, vel illum dolore eu feugiat nulla facilisis at vero eros et accumsan et iusto odio dignissim qui blandit praesent luptatum zzril delenit augue duis dolore te feugait nulla facilisi.', 804560),
(6, 'Lorem ipsum dolor sit amet, consectetuer adipiscing elit, sed diam nonummy nibh euismod tincidunt ut laoreet dolore magna aliquam erat volutpat. Ut wisi enim ad minim veniam, quis nostrud exerci tation ullamcorper suscipit lobortis nisl ut aliquip ex ea commodo consequat. Duis autem vel eum iriure dolor in hendrerit in vulputate velit esse molestie consequat, vel illum dolore eu feugiat nulla facilisis at vero eros et accumsan et iusto odio dignissim qui blandit praesent luptatum zzril delenit augue duis dolore te feugait nulla facilisi.', 'Lorem ipsum dolor sit amet, consectetuer adipiscing elit, sed diam nonummy nibh euismod tincidunt ut laoreet dolore magna aliquam erat volutpat. Ut wisi enim ad minim veniam, quis nostrud exerci tation ullamcorper suscipit lobortis nisl ut aliquip ex ea commodo consequat. Duis autem vel eum iriure dolor in hendrerit in vulputate velit esse molestie consequat, vel illum dolore eu feugiat nulla facilisis at vero eros et accumsan et iusto odio dignissim qui blandit praesent luptatum zzril delenit augue duis dolore te feugait nulla facilisi.', 804567),
(7, 'Lorem ipsum dolor sit amet, consectetuer adipiscing elit, sed diam nonummy nibh euismod tincidunt ut laoreet dolore magna aliquam erat volutpat. Ut wisi enim ad minim veniam, quis nostrud exerci tation ullamcorper suscipit lobortis nisl ut aliquip ex ea commodo consequat. Duis autem vel eum iriure dolor in hendrerit in vulputate velit esse molestie consequat, vel illum dolore eu feugiat nulla facilisis at vero eros et accumsan et iusto odio dignissim qui blandit praesent luptatum zzril delenit augue duis dolore te feugait nulla facilisi.', 'Lorem ipsum dolor sit amet, consectetuer adipiscing elit, sed diam nonummy nibh euismod tincidunt ut laoreet dolore magna aliquam erat volutpat. Ut wisi enim ad minim veniam, quis nostrud exerci tation ullamcorper suscipit lobortis nisl ut aliquip ex ea commodo consequat. Duis autem vel eum iriure dolor in hendrerit in vulputate velit esse molestie consequat, vel illum dolore eu feugiat nulla facilisis at vero eros et accumsan et iusto odio dignissim qui blandit praesent luptatum zzril delenit augue duis dolore te feugait nulla facilisi.', 804561),
(8, 'Lorem ipsum dolor sit amet, consectetuer adipiscing elit, sed diam nonummy nibh euismod tincidunt ut laoreet dolore magna aliquam erat volutpat. Ut wisi enim ad minim veniam, quis nostrud exerci tation ullamcorper suscipit lobortis nisl ut aliquip ex ea commodo consequat. Duis autem vel eum iriure dolor in hendrerit in vulputate velit esse molestie consequat, vel illum dolore eu feugiat nulla facilisis at vero eros et accumsan et iusto odio dignissim qui blandit praesent luptatum zzril delenit augue duis dolore te feugait nulla facilisi.', 'Lorem ipsum dolor sit amet, consectetuer adipiscing elit, sed diam nonummy nibh euismod tincidunt ut laoreet dolore magna aliquam erat volutpat. Ut wisi enim ad minim veniam, quis nostrud exerci tation ullamcorper suscipit lobortis nisl ut aliquip ex ea commodo consequat. Duis autem vel eum iriure dolor in hendrerit in vulputate velit esse molestie consequat, vel illum dolore eu feugiat nulla facilisis at vero eros et accumsan et iusto odio dignissim qui blandit praesent luptatum zzril delenit augue duis dolore te feugait nulla facilisi.', 804563),
(9, 'Lorem ipsum dolor sit amet, consectetuer adipiscing elit, sed diam nonummy nibh euismod tincidunt ut laoreet dolore magna aliquam erat volutpat. Ut wisi enim ad minim veniam, quis nostrud exerci tation ullamcorper suscipit lobortis nisl ut aliquip ex ea commodo consequat. Duis autem vel eum iriure dolor in hendrerit in vulputate velit esse molestie consequat, vel illum dolore eu feugiat nulla facilisis at vero eros et accumsan et iusto odio dignissim qui blandit praesent luptatum zzril delenit augue duis dolore te feugait nulla facilisi.', 'Lorem ipsum dolor sit amet, consectetuer adipiscing elit, sed diam nonummy nibh euismod tincidunt ut laoreet dolore magna aliquam erat volutpat. Ut wisi enim ad minim veniam, quis nostrud exerci tation ullamcorper suscipit lobortis nisl ut aliquip ex ea commodo consequat. Duis autem vel eum iriure dolor in hendrerit in vulputate velit esse molestie consequat, vel illum dolore eu feugiat nulla facilisis at vero eros et accumsan et iusto odio dignissim qui blandit praesent luptatum zzril delenit augue duis dolore te feugait nulla facilisi.', 804575);

-- --------------------------------------------------------

--
-- Estructura de tabla para la tabla `modasignatura`
--

CREATE TABLE `modasignatura` (
  `IdModAsignatura` int(6) NOT NULL,
  `FechaMod` datetime NOT NULL,
  `EmailMod` varchar(50) NOT NULL,
  `IdAsignatura` int(6) NOT NULL
) ENGINE=InnoDB DEFAULT CHARSET=utf8mb4;

--
-- Volcado de datos para la tabla `modasignatura`
--

INSERT INTO `modasignatura` (`IdModAsignatura`, `FechaMod`, `EmailMod`, `IdAsignatura`) VALUES
(804560, '2020-03-31 00:00:00', 'rafahern@ucm.es', 804560),
(804561, '2020-03-31 00:00:00', 'jusanz02@ucm.es', 804561),
(804562, '2020-03-31 00:00:00', 'mjrplaza@fis.ucm.es', 804562),
(804563, '2020-03-31 00:00:00', 'magflechoso@ucm.es', 804563),
(804564, '2020-07-20 22:57:12', 'coordinadorAM@ucm.es', 804564),
(804566, '2020-07-14 12:55:38', 'igarcia@ucm.es', 804566),
(804567, '2020-03-31 00:00:00', 'jluimana@ucm.es', 804567),
(804575, '2020-04-23 20:03:55', 'esas@ucm.es', 804575);

-- --------------------------------------------------------

--
-- Estructura de tabla para la tabla `modbibliografia`
--

CREATE TABLE `modbibliografia` (
  `IdBibliografia` int(6) NOT NULL,
  `CitasBibliograficas` text NOT NULL,
  `RecursosInternet` text NOT NULL,
  `IdModAsignatura` int(6) NOT NULL
) ENGINE=InnoDB DEFAULT CHARSET=utf8mb4;

-- --------------------------------------------------------

--
-- Estructura de tabla para la tabla `modcompetenciaasignatura`
--

CREATE TABLE `modcompetenciaasignatura` (
  `IdCompetencia` int(6) NOT NULL,
  `Generales` text NOT NULL,
  `Generalesi` text NOT NULL,
  `Especificas` text NOT NULL,
  `Especificasi` text NOT NULL,
  `BasicasYTransversales` text NOT NULL,
  `BasicasYTransversalesi` text NOT NULL,
  `ResultadosAprendizaje` text NOT NULL,
  `ResultadosAprendizajei` text NOT NULL,
  `IdModAsignatura` int(6) NOT NULL
) ENGINE=InnoDB DEFAULT CHARSET=utf8mb4;

-- --------------------------------------------------------

--
-- Estructura de tabla para la tabla `modevaluacion`
--

CREATE TABLE `modevaluacion` (
  `IdEvaluacion` int(6) NOT NULL,
  `RealizacionExamenes` text DEFAULT NULL,
  `RealizacionExamenesi` text NOT NULL,
  `PesoExamenes` float NOT NULL,
  `RealizacionActividades` text NOT NULL,
  `RealizacionActividadesi` text NOT NULL,
  `PesoActividades` float NOT NULL,
  `RealizacionLaboratorio` text NOT NULL,
  `RealizacionLaboratorioi` text NOT NULL,
  `PesoLaboratorio` float NOT NULL,
  `CalificacionFinal` text NOT NULL,
  `CalificacionFinali` text NOT NULL,
  `IdModAsignatura` int(6) NOT NULL
) ENGINE=InnoDB DEFAULT CHARSET=utf8mb4;

-- --------------------------------------------------------

--
-- Estructura de tabla para la tabla `modgrupoclase`
--

CREATE TABLE `modgrupoclase` (
  `IdGrupoClase` int(6) NOT NULL,
  `Letra` varchar(20) NOT NULL,
  `Idioma` varchar(50) NOT NULL,
  `IdModAsignatura` int(6) NOT NULL
) ENGINE=InnoDB DEFAULT CHARSET=utf8mb4;

--
-- Volcado de datos para la tabla `modgrupoclase`
--

INSERT INTO `modgrupoclase` (`IdGrupoClase`, `Letra`, `Idioma`, `IdModAsignatura`) VALUES
(16, 'a', 's', 804564),
(17, 'v', 'v', 804564);

-- --------------------------------------------------------

--
-- Estructura de tabla para la tabla `modgrupoclaseprofesor`
--

CREATE TABLE `modgrupoclaseprofesor` (
  `IdGrupoClase` int(6) NOT NULL,
  `Tipo` varchar(20) CHARACTER SET utf8mb4 NOT NULL,
  `FechaInicio` date NOT NULL,
  `FechaFin` date NOT NULL,
  `EmailProfesor` varchar(50) CHARACTER SET utf8mb4 NOT NULL
) ENGINE=InnoDB DEFAULT CHARSET=utf8mb4 COLLATE=utf8mb4_unicode_ci;

--
-- Volcado de datos para la tabla `modgrupoclaseprofesor`
--

INSERT INTO `modgrupoclaseprofesor` (`IdGrupoClase`, `Tipo`, `FechaInicio`, `FechaFin`, `EmailProfesor`) VALUES
(16, 's', '2020-09-20', '2020-09-30', 'coordinadorAM@ucm.es');

-- --------------------------------------------------------

--
-- Estructura de tabla para la tabla `modgrupolaboratorio`
--

CREATE TABLE `modgrupolaboratorio` (
  `IdGrupoLab` int(6) NOT NULL,
  `Letra` varchar(20) NOT NULL,
  `Idioma` varchar(50) NOT NULL,
  `IdModAsignatura` int(6) NOT NULL
) ENGINE=InnoDB DEFAULT CHARSET=utf8mb4;

-- --------------------------------------------------------

--
-- Estructura de tabla para la tabla `modgrupolaboratorioprofesor`
--

CREATE TABLE `modgrupolaboratorioprofesor` (
  `IdGrupoLab` int(6) NOT NULL,
  `FechaInicio` date NOT NULL,
  `FechaFin` date NOT NULL,
  `EmailProfesor` varchar(50) NOT NULL
) ENGINE=InnoDB DEFAULT CHARSET=utf8mb4;

-- --------------------------------------------------------

--
-- Estructura de tabla para la tabla `modhorarioclase`
--

CREATE TABLE `modhorarioclase` (
  `IdHorarioClase` int(6) NOT NULL,
  `Aula` varchar(100) NOT NULL,
  `Dia` varchar(1) NOT NULL,
  `HoraInicio` time NOT NULL,
  `HoraFin` time NOT NULL,
  `IdGrupoClase` int(6) NOT NULL
) ENGINE=InnoDB DEFAULT CHARSET=utf8mb4;

--
-- Volcado de datos para la tabla `modhorarioclase`
--

INSERT INTO `modhorarioclase` (`IdHorarioClase`, `Aula`, `Dia`, `HoraInicio`, `HoraFin`, `IdGrupoClase`) VALUES
(12, '12', 'L', '01:33:00', '22:28:00', 16);

-- --------------------------------------------------------

--
-- Estructura de tabla para la tabla `modhorariolaboratorio`
--

CREATE TABLE `modhorariolaboratorio` (
  `IdHorarioLab` int(6) NOT NULL,
  `Laboratorio` varchar(100) NOT NULL,
  `Dia` varchar(1) NOT NULL,
  `HoraInicio` time NOT NULL,
  `HoraFin` time NOT NULL,
  `IdGrupoLab` int(6) NOT NULL
) ENGINE=InnoDB DEFAULT CHARSET=utf8mb4;

-- --------------------------------------------------------

--
-- Estructura de tabla para la tabla `modmetodologia`
--

CREATE TABLE `modmetodologia` (
  `IdMetodologia` int(6) NOT NULL,
  `Metodologia` text NOT NULL,
  `Metodologiai` text NOT NULL,
  `IdModAsignatura` int(6) NOT NULL
) ENGINE=InnoDB DEFAULT CHARSET=utf8mb4;

-- --------------------------------------------------------

--
-- Estructura de tabla para la tabla `modprogramaasignatura`
--

CREATE TABLE `modprogramaasignatura` (
  `IdPrograma` int(6) NOT NULL,
  `ConocimientosPrevios` text NOT NULL,
  `ConocimientosPreviosi` text NOT NULL,
  `BreveDescripcion` text NOT NULL,
  `BreveDescripcioni` text NOT NULL,
  `ProgramaTeorico` text NOT NULL,
  `ProgramaTeoricoi` text NOT NULL,
  `ProgramaSeminarios` text NOT NULL,
  `ProgramaSeminariosi` text NOT NULL,
  `ProgramaLaboratorio` text NOT NULL,
  `ProgramaLaboratorioi` text NOT NULL,
  `IdModAsignatura` int(6) NOT NULL
) ENGINE=InnoDB DEFAULT CHARSET=utf8mb4;

-- --------------------------------------------------------

--
-- Estructura de tabla para la tabla `modulo`
--

CREATE TABLE `modulo` (
  `IdModulo` int(5) NOT NULL,
  `NombreModulo` varchar(100) NOT NULL,
  `CreditosModulo` float NOT NULL,
  `CodigoGrado` int(4) NOT NULL
) ENGINE=InnoDB DEFAULT CHARSET=utf8mb4;

--
-- Volcado de datos para la tabla `modulo`
--

INSERT INTO `modulo` (`IdModulo`, `NombreModulo`, `CreditosModulo`, `CodigoGrado`) VALUES
(8081, 'Formacion básica obligatoria', 60, 808),
(8082, 'Formación general', 90, 808),
(8083, 'Física fundamental', 30, 808),
(8084, 'Física aplicada', 30, 808),
(8085, 'Transversal', 36, 808),
(8086, 'Trabajo fin de grado', 6, 808),
(8871, 'Formación básica', 60, 887),
(8872, 'Fundamentos de la ciencia de materiales', 23, 887),
(8873, 'Comportamiento de materiales', 59, 887),
(8874, 'Ciencia y tecnología de materiales', 68, 887),
(8875, 'Avanzado', 18, 887),
(8876, 'Trabajo fin de grado', 12, 887),
(8901, 'Formación Básica', 60, 890),
(8902, 'Fundamental', 39, 890),
(8903, 'Electrónica y Electromagnetismo', 42, 890),
(8904, 'Sistemas y Redes', 46.5, 890),
(8905, 'Comunicaciones', 22.5, 890),
(8906, 'Avanzado', 18, 890),
(8907, 'Trabajo Fin de Grado', 12, 890);

-- --------------------------------------------------------

--
-- Estructura de tabla para la tabla `permisos`
--

CREATE TABLE `permisos` (
  `IdPermiso` int(6) NOT NULL,
  `PermisoPrograma` tinyint(1) NOT NULL,
  `PermisoCompetencias` tinyint(1) NOT NULL,
  `PermisoMetodologia` tinyint(1) NOT NULL,
  `PermisoBibliografia` tinyint(1) NOT NULL,
  `PermisoGrupoLaboratorio` tinyint(1) NOT NULL,
  `PermisoGrupoClase` tinyint(1) NOT NULL,
  `PermisoEvaluacion` tinyint(1) NOT NULL,
  `IdAsignatura` int(6) NOT NULL,
  `EmailProfesor` varchar(50) NOT NULL
) ENGINE=InnoDB DEFAULT CHARSET=utf8mb4;

--
-- Volcado de datos para la tabla `permisos`
--

INSERT INTO `permisos` (`IdPermiso`, `PermisoPrograma`, `PermisoCompetencias`, `PermisoMetodologia`, `PermisoBibliografia`, `PermisoGrupoLaboratorio`, `PermisoGrupoClase`, `PermisoEvaluacion`, `IdAsignatura`, `EmailProfesor`) VALUES
(22, 0, 0, 0, 0, 1, 1, 0, 804560, 'avioque@ucm.es'),
(23, 1, 1, 1, 1, 1, 1, 1, 804560, 'beperez03@ucm.es'),
(24, 1, 1, 1, 1, 1, 1, 1, 804564, 'coordinadorAM@ucm.es'),
(25, 0, 1, 0, 0, 0, 1, 1, 804563, 'coordinadorAM@ucm.es'),
(26, 1, 0, 0, 0, 1, 0, 0, 804562, 'coordinadorAM@ucm.es'),
(27, 1, 1, 1, 1, 1, 1, 1, 804561, 'coordinadorF2@ucm.es'),
(28, 1, 1, 1, 1, 1, 1, 1, 804575, 'esas@ucm.es'),
(29, 1, 1, 1, 1, 1, 1, 1, 804566, 'igarcia@ucm.es'),
(30, 1, 1, 1, 1, 1, 1, 1, 804567, 'jluimana@ucm.es'),
(31, 1, 1, 1, 1, 1, 1, 1, 804561, 'jusanz02@ucm.es'),
(32, 1, 1, 1, 1, 1, 1, 1, 804563, 'magflechoso@ucm.es'),
(33, 1, 1, 1, 1, 1, 1, 1, 804562, 'mjrplaza@fis.ucm.es'),
(34, 1, 1, 1, 1, 1, 1, 1, 804560, 'rafahern@ucm.es'),
(35, 1, 1, 1, 1, 1, 1, 1, 804560, 'raqumoli@ucm.es'),
(36, 1, 1, 1, 1, 1, 1, 1, 804566, 'virginia@fdi.ucm.es');

-- --------------------------------------------------------

--
-- Estructura de tabla para la tabla `problema`
--

CREATE TABLE `problema` (
  `IdProblema` int(6) NOT NULL,
  `Creditos` float NOT NULL,
  `Presencial` float NOT NULL,
  `IdAsignatura` int(6) NOT NULL
) ENGINE=InnoDB DEFAULT CHARSET=utf8mb4;

--
-- Volcado de datos para la tabla `problema`
--

INSERT INTO `problema` (`IdProblema`, `Creditos`, `Presencial`, `IdAsignatura`) VALUES
(4, 1, 40, 804566),
(5, 3, 40, 804562),
(6, 3.5, 40, 804560),
(7, 1.5, 40, 804567),
(8, 2.5, 40, 804561),
(9, 3, 40, 804563),
(11, 1, 40, 804575),
(20, 4.5, 45, 800490),
(21, 5, 50, 800492),
(22, 3, 30, 800495),
(23, 0, 0, 800496),
(24, 4, 40, 800491),
(25, 3, 30, 800493),
(26, 3, 30, 800494),
(27, 5, 55, 800497),
(28, 1.5, 15, 804500),
(29, 1.5, 15, 804502),
(30, 3, 30, 804505),
(31, 1, 10, 804543),
(32, 1, 10, 804510),
(33, 1.5, 15, 804501),
(34, 1.5, 15, 804503),
(35, 3, 30, 804506),
(36, 0, 0, 804507),
(37, 1, 10, 804511);

-- --------------------------------------------------------

--
-- Estructura de tabla para la tabla `profesor`
--

CREATE TABLE `profesor` (
  `Email` varchar(50) NOT NULL,
  `Nombre` varchar(100) NOT NULL,
  `Departamento` varchar(100) NOT NULL,
  `Despacho` varchar(20) NOT NULL,
  `Tutoria` text NOT NULL,
  `Facultad` varchar(100) NOT NULL
) ENGINE=InnoDB DEFAULT CHARSET=utf8mb4;

--
-- Volcado de datos para la tabla `profesor`
--

INSERT INTO `profesor` (`Email`, `Nombre`, `Departamento`, `Despacho`, `Tutoria`, `Facultad`) VALUES
('avioque@ucm.es', 'Andrea Vioque Rodríguez', 'FT', '0', '', 'Físicas'),
('beperez03@ucm.es', 'Beatriz Pérez González', 'FT', '0', '', 'Físicas'),
('carmelo@elbereth.fis.ucm.es', 'Carmen Pérez Martín', 'EMFTEL', '4532', '', 'Físicas'),
('coordinadorAM@ucm.es', 'Coordinador de Ampliación de Matemáticas', 'FT', '17', 'L: 12:00-14:00\r\nX: 12:00-14:00\r\nV: 10:00-12:00', 'Físicas'),
('coordinadorcomunicaciones1@ucm.es', 'Miguel Torres', 'Circuitos', '132', 'M-X 10:00-14:00', 'Matemáticas'),
('coordinadorF2@ucm.es', 'Coordinador Física II', 'FT', '9', '', 'Físicas'),
('coordinadorfisica1@ucm.es', 'Juan López', 'Astronomía', '204', 'L-V: 10:00-13:00', 'Físicas'),
('coordinadormatematicas1@ucm.es', 'Carlos Rodríguez', 'Matemáticas Discretas', '122', 'J-V:15:00-17:00', 'Matemáticas'),
('coordinadormateriales1@ucm.es', 'Pedro Sánchez', 'Materiales', '453', 'L-M:15:00-17:00', 'Físicas'),
('esas@ucm.es', 'Enrique San Andrés Serrano', 'EMFTEL', '205', 'L: 09:30-11:00\r\nX: 09:30-11:00', 'Físicas'),
('igarcia@ucm.es', 'Iván García-Magariño García', 'DSIA', '444', 'X: 09:00-10:30\r\nV: 09:00-10:30', 'Informática'),
('jluimana@ucm.es', 'José Luis Imaña Pascual', 'DACyA', '226', 'M:10:30-11:30 y 15:00-16:00\r\nJ: 10:30-11:30', 'Físicas'),
('jusanz02@ucm.es', 'Juan José Sanz Cillero', 'FT', '0', '', 'Físicas'),
('magflechoso@ucm.es', 'María de los Ángeles Gómez Flechoso', 'FTA', '16', 'M: 12:00-14:00\r\nX: 11:00-14:00\r\nV: 13:00-14:00', 'Físicas'),
('mjrplaza@fis.ucm.es', 'María Jesús Rodríguez Plaza', 'FT', '20', 'M: 13:00-15:00\r\nX: 13:00-15:00\r\nJ: 13:00-15:00', 'Físicas'),
('oleaariza@fis.ucm.es', 'Javier OleaAriza', 'EMFTEL', '0', '', 'Físicas'),
('profesorcomunicaciones1@ucm.es', 'Pablo González', 'Electromagnetismo', '301', 'X-V 14:00-17:00', 'Físicas'),
('profesorfisica1@ucm.es', 'Paco Sanz', 'Fisica Teórica', '345', 'l-x 3:00-5:00', 'Físicas'),
('profesormatematicas1@ucm.es', 'Arturo Castelo', 'Álgebra', '314', 'M-V:10:00-12:00', 'Matemáticas'),
('profesormateriales1@ucm.es', 'José Perdiguero', 'Bioelementos', '113', 'L-M-J:12:00-14:00', 'Físicas'),
('rafahern@ucm.es', 'Rafael Hernández Redondo', 'FT', '22', 'X: 09:00-12:00\r\nJ: 09:00-12:00', 'Físicas'),
('raqumoli@ucm.es', 'Raque Molina Peralta', 'FT', '0', '', 'Físicas'),
('roruiz@ucm.es', 'Roberto Ruiz Gil', 'FT', '0', '', 'Físicas'),
('virginia@fdi.ucm.es', 'Virginia Francisco Gilmartin', '', '0', '', 'Físicas');

-- --------------------------------------------------------

--
-- Estructura de tabla para la tabla `programaasignatura`
--

CREATE TABLE `programaasignatura` (
  `IdPrograma` int(6) NOT NULL,
  `ConocimientosPrevios` text NOT NULL,
  `ConocimientosPreviosi` text NOT NULL,
  `BreveDescripcion` text NOT NULL,
  `BreveDescripcioni` text NOT NULL,
  `ProgramaTeorico` text NOT NULL,
  `ProgramaTeoricoi` text NOT NULL,
  `ProgramaSeminarios` text NOT NULL,
  `ProgramaSeminariosi` text NOT NULL,
  `ProgramaLaboratorio` text NOT NULL,
  `ProgramaLaboratorioi` text NOT NULL,
  `IdAsignatura` int(6) NOT NULL
) ENGINE=InnoDB DEFAULT CHARSET=utf8mb4;

--
-- Volcado de datos para la tabla `programaasignatura`
--

INSERT INTO `programaasignatura` (`IdPrograma`, `ConocimientosPrevios`, `ConocimientosPreviosi`, `BreveDescripcion`, `BreveDescripcioni`, `ProgramaTeorico`, `ProgramaTeoricoi`, `ProgramaSeminarios`, `ProgramaSeminariosi`, `ProgramaLaboratorio`, `ProgramaLaboratorioi`, `IdAsignatura`) VALUES
(2, 'Lorem ipsum dolor sit amet, consectetuer adipiscing elit, sed diam nonummy nibh euismod tincidunt ut laoreet dolore magna aliquam erat volutpat. Ut wisi enim ad minim veniam, quis nostrud exerci tation ullamcorper suscipit lobortis nisl ut aliquip ex ea commodo consequat. Duis autem vel eum iriure dolor in hendrerit in vulputate velit esse molestie consequat, vel illum dolore eu feugiat nulla facilisis at vero eros et accumsan et iusto odio dignissim qui blandit praesent luptatum zzril delenit augue duis dolore te feugait nulla facilisi.', 'Lorem ipsum dolor sit amet, consectetuer adipiscing elit, sed diam nonummy nibh euismod tincidunt ut laoreet dolore magna aliquam erat volutpat. Ut wisi enim ad minim veniam, quis nostrud exerci tation ullamcorper suscipit lobortis nisl ut aliquip ex ea commodo consequat. Duis autem vel eum iriure dolor in hendrerit in vulputate velit esse molestie consequat, vel illum dolore eu feugiat nulla facilisis at vero eros et accumsan et iusto odio dignissim qui blandit praesent luptatum zzril delenit augue duis dolore te feugait nulla facilisi.', 'Lorem ipsum dolor sit amet, consectetuer adipiscing elit, sed diam nonummy nibh euismod tincidunt ut laoreet dolore magna aliquam erat volutpat. Ut wisi enim ad minim veniam, quis nostrud exerci tation ullamcorper suscipit lobortis nisl ut aliquip ex ea commodo consequat. Duis autem vel eum iriure dolor in hendrerit in vulputate velit esse molestie consequat, vel illum dolore eu feugiat nulla facilisis at vero eros et accumsan et iusto odio dignissim qui blandit praesent luptatum zzril delenit augue duis dolore te feugait nulla facilisi.', 'Lorem ipsum dolor sit amet, consectetuer adipiscing elit, sed diam nonummy nibh euismod tincidunt ut laoreet dolore magna aliquam erat volutpat. Ut wisi enim ad minim veniam, quis nostrud exerci tation ullamcorper suscipit lobortis nisl ut aliquip ex ea commodo consequat. Duis autem vel eum iriure dolor in hendrerit in vulputate velit esse molestie consequat, vel illum dolore eu feugiat nulla facilisis at vero eros et accumsan et iusto odio dignissim qui blandit praesent luptatum zzril delenit augue duis dolore te feugait nulla facilisi.', 'Lorem ipsum dolor sit amet, consectetuer adipiscing elit, sed diam nonummy nibh euismod tincidunt ut laoreet dolore magna aliquam erat volutpat. Ut wisi enim ad minim veniam, quis nostrud exerci tation ullamcorper suscipit lobortis nisl ut aliquip ex ea commodo consequat. Duis autem vel eum iriure dolor in hendrerit in vulputate velit esse molestie consequat, vel illum dolore eu feugiat nulla facilisis at vero eros et accumsan et iusto odio dignissim qui blandit praesent luptatum zzril delenit augue duis dolore te feugait nulla facilisi.', 'Lorem ipsum dolor sit amet, consectetuer adipiscing elit, sed diam nonummy nibh euismod tincidunt ut laoreet dolore magna aliquam erat volutpat. Ut wisi enim ad minim veniam, quis nostrud exerci tation ullamcorper suscipit lobortis nisl ut aliquip ex ea commodo consequat. Duis autem vel eum iriure dolor in hendrerit in vulputate velit esse molestie consequat, vel illum dolore eu feugiat nulla facilisis at vero eros et accumsan et iusto odio dignissim qui blandit praesent luptatum zzril delenit augue duis dolore te feugait nulla facilisi.', '', '', '', '', 804564),
(3, 'Lorem ipsum dolor sit amet, consectetuer adipiscing elit, sed diam nonummy nibh euismod tincidunt ut laoreet dolore magna aliquam erat volutpat. Ut wisi enim ad minim veniam, quis nostrud exerci tation ullamcorper suscipit lobortis nisl ut aliquip ex ea commodo consequat. Duis autem vel eum iriure dolor in hendrerit in vulputate velit esse molestie consequat, vel illum dolore eu feugiat nulla facilisis at vero eros et accumsan et iusto odio dignissim qui blandit praesent luptatum zzril delenit augue duis dolore te feugait nulla facilisi.', 'Lorem ipsum dolor sit amet, consectetuer adipiscing elit, sed diam nonummy nibh euismod tincidunt ut laoreet dolore magna aliquam erat volutpat. Ut wisi enim ad minim veniam, quis nostrud exerci tation ullamcorper suscipit lobortis nisl ut aliquip ex ea commodo consequat. Duis autem vel eum iriure dolor in hendrerit in vulputate velit esse molestie consequat, vel illum dolore eu feugiat nulla facilisis at vero eros et accumsan et iusto odio dignissim qui blandit praesent luptatum zzril delenit augue duis dolore te feugait nulla facilisi.', 'Lorem ipsum dolor sit amet, consectetuer adipiscing elit, sed diam nonummy nibh euismod tincidunt ut laoreet dolore magna aliquam erat volutpat. Ut wisi enim ad minim veniam, quis nostrud exerci tation ullamcorper suscipit lobortis nisl ut aliquip ex ea commodo consequat. Duis autem vel eum iriure dolor in hendrerit in vulputate velit esse molestie consequat, vel illum dolore eu feugiat nulla facilisis at vero eros et accumsan et iusto odio dignissim qui blandit praesent luptatum zzril delenit augue duis dolore te feugait nulla facilisi.', 'Lorem ipsum dolor sit amet, consectetuer adipiscing elit, sed diam nonummy nibh euismod tincidunt ut laoreet dolore magna aliquam erat volutpat. Ut wisi enim ad minim veniam, quis nostrud exerci tation ullamcorper suscipit lobortis nisl ut aliquip ex ea commodo consequat. Duis autem vel eum iriure dolor in hendrerit in vulputate velit esse molestie consequat, vel illum dolore eu feugiat nulla facilisis at vero eros et accumsan et iusto odio dignissim qui blandit praesent luptatum zzril delenit augue duis dolore te feugait nulla facilisi.', 'Lorem ipsum dolor sit amet, consectetuer adipiscing elit, sed diam nonummy nibh euismod tincidunt ut laoreet dolore magna aliquam erat volutpat. Ut wisi enim ad minim veniam, quis nostrud exerci tation ullamcorper suscipit lobortis nisl ut aliquip ex ea commodo consequat. Duis autem vel eum iriure dolor in hendrerit in vulputate velit esse molestie consequat, vel illum dolore eu feugiat nulla facilisis at vero eros et accumsan et iusto odio dignissim qui blandit praesent luptatum zzril delenit augue duis dolore te feugait nulla facilisi.', 'Lorem ipsum dolor sit amet, consectetuer adipiscing elit, sed diam nonummy nibh euismod tincidunt ut laoreet dolore magna aliquam erat volutpat. Ut wisi enim ad minim veniam, quis nostrud exerci tation ullamcorper suscipit lobortis nisl ut aliquip ex ea commodo consequat. Duis autem vel eum iriure dolor in hendrerit in vulputate velit esse molestie consequat, vel illum dolore eu feugiat nulla facilisis at vero eros et accumsan et iusto odio dignissim qui blandit praesent luptatum zzril delenit augue duis dolore te feugait nulla facilisi.', '', '', '', '', 804566),
(4, 'Lorem ipsum dolor sit amet, consectetuer adipiscing elit, sed diam nonummy nibh euismod tincidunt ut laoreet dolore magna aliquam erat volutpat. Ut wisi enim ad minim veniam, quis nostrud exerci tation ullamcorper suscipit lobortis nisl ut aliquip ex ea commodo consequat. Duis autem vel eum iriure dolor in hendrerit in vulputate velit esse molestie consequat, vel illum dolore eu feugiat nulla facilisis at vero eros et accumsan et iusto odio dignissim qui blandit praesent luptatum zzril delenit augue duis dolore te feugait nulla facilisi.', 'Lorem ipsum dolor sit amet, consectetuer adipiscing elit, sed diam nonummy nibh euismod tincidunt ut laoreet dolore magna aliquam erat volutpat. Ut wisi enim ad minim veniam, quis nostrud exerci tation ullamcorper suscipit lobortis nisl ut aliquip ex ea commodo consequat. Duis autem vel eum iriure dolor in hendrerit in vulputate velit esse molestie consequat, vel illum dolore eu feugiat nulla facilisis at vero eros et accumsan et iusto odio dignissim qui blandit praesent luptatum zzril delenit augue duis dolore te feugait nulla facilisi.', 'Lorem ipsum dolor sit amet, consectetuer adipiscing elit, sed diam nonummy nibh euismod tincidunt ut laoreet dolore magna aliquam erat volutpat. Ut wisi enim ad minim veniam, quis nostrud exerci tation ullamcorper suscipit lobortis nisl ut aliquip ex ea commodo consequat. Duis autem vel eum iriure dolor in hendrerit in vulputate velit esse molestie consequat, vel illum dolore eu feugiat nulla facilisis at vero eros et accumsan et iusto odio dignissim qui blandit praesent luptatum zzril delenit augue duis dolore te feugait nulla facilisi.', 'Lorem ipsum dolor sit amet, consectetuer adipiscing elit, sed diam nonummy nibh euismod tincidunt ut laoreet dolore magna aliquam erat volutpat. Ut wisi enim ad minim veniam, quis nostrud exerci tation ullamcorper suscipit lobortis nisl ut aliquip ex ea commodo consequat. Duis autem vel eum iriure dolor in hendrerit in vulputate velit esse molestie consequat, vel illum dolore eu feugiat nulla facilisis at vero eros et accumsan et iusto odio dignissim qui blandit praesent luptatum zzril delenit augue duis dolore te feugait nulla facilisi.', 'Lorem ipsum dolor sit amet, consectetuer adipiscing elit, sed diam nonummy nibh euismod tincidunt ut laoreet dolore magna aliquam erat volutpat. Ut wisi enim ad minim veniam, quis nostrud exerci tation ullamcorper suscipit lobortis nisl ut aliquip ex ea commodo consequat. Duis autem vel eum iriure dolor in hendrerit in vulputate velit esse molestie consequat, vel illum dolore eu feugiat nulla facilisis at vero eros et accumsan et iusto odio dignissim qui blandit praesent luptatum zzril delenit augue duis dolore te feugait nulla facilisi.', 'Lorem ipsum dolor sit amet, consectetuer adipiscing elit, sed diam nonummy nibh euismod tincidunt ut laoreet dolore magna aliquam erat volutpat. Ut wisi enim ad minim veniam, quis nostrud exerci tation ullamcorper suscipit lobortis nisl ut aliquip ex ea commodo consequat. Duis autem vel eum iriure dolor in hendrerit in vulputate velit esse molestie consequat, vel illum dolore eu feugiat nulla facilisis at vero eros et accumsan et iusto odio dignissim qui blandit praesent luptatum zzril delenit augue duis dolore te feugait nulla facilisi.', '', '', '', '', 804562),
(5, 'Lorem ipsum dolor sit amet, consectetuer adipiscing elit, sed diam nonummy nibh euismod tincidunt ut laoreet dolore magna aliquam erat volutpat. Ut wisi enim ad minim veniam, quis nostrud exerci tation ullamcorper suscipit lobortis nisl ut aliquip ex ea commodo consequat. Duis autem vel eum iriure dolor in hendrerit in vulputate velit esse molestie consequat, vel illum dolore eu feugiat nulla facilisis at vero eros et accumsan et iusto odio dignissim qui blandit praesent luptatum zzril delenit augue duis dolore te feugait nulla facilisi.', 'Lorem ipsum dolor sit amet, consectetuer adipiscing elit, sed diam nonummy nibh euismod tincidunt ut laoreet dolore magna aliquam erat volutpat. Ut wisi enim ad minim veniam, quis nostrud exerci tation ullamcorper suscipit lobortis nisl ut aliquip ex ea commodo consequat. Duis autem vel eum iriure dolor in hendrerit in vulputate velit esse molestie consequat, vel illum dolore eu feugiat nulla facilisis at vero eros et accumsan et iusto odio dignissim qui blandit praesent luptatum zzril delenit augue duis dolore te feugait nulla facilisi.', 'Lorem ipsum dolor sit amet, consectetuer adipiscing elit, sed diam nonummy nibh euismod tincidunt ut laoreet dolore magna aliquam erat volutpat. Ut wisi enim ad minim veniam, quis nostrud exerci tation ullamcorper suscipit lobortis nisl ut aliquip ex ea commodo consequat. Duis autem vel eum iriure dolor in hendrerit in vulputate velit esse molestie consequat, vel illum dolore eu feugiat nulla facilisis at vero eros et accumsan et iusto odio dignissim qui blandit praesent luptatum zzril delenit augue duis dolore te feugait nulla facilisi.', 'Lorem ipsum dolor sit amet, consectetuer adipiscing elit, sed diam nonummy nibh euismod tincidunt ut laoreet dolore magna aliquam erat volutpat. Ut wisi enim ad minim veniam, quis nostrud exerci tation ullamcorper suscipit lobortis nisl ut aliquip ex ea commodo consequat. Duis autem vel eum iriure dolor in hendrerit in vulputate velit esse molestie consequat, vel illum dolore eu feugiat nulla facilisis at vero eros et accumsan et iusto odio dignissim qui blandit praesent luptatum zzril delenit augue duis dolore te feugait nulla facilisi.', 'Lorem ipsum dolor sit amet, consectetuer adipiscing elit, sed diam nonummy nibh euismod tincidunt ut laoreet dolore magna aliquam erat volutpat. Ut wisi enim ad minim veniam, quis nostrud exerci tation ullamcorper suscipit lobortis nisl ut aliquip ex ea commodo consequat. Duis autem vel eum iriure dolor in hendrerit in vulputate velit esse molestie consequat, vel illum dolore eu feugiat nulla facilisis at vero eros et accumsan et iusto odio dignissim qui blandit praesent luptatum zzril delenit augue duis dolore te feugait nulla facilisi.', 'Lorem ipsum dolor sit amet, consectetuer adipiscing elit, sed diam nonummy nibh euismod tincidunt ut laoreet dolore magna aliquam erat volutpat. Ut wisi enim ad minim veniam, quis nostrud exerci tation ullamcorper suscipit lobortis nisl ut aliquip ex ea commodo consequat. Duis autem vel eum iriure dolor in hendrerit in vulputate velit esse molestie consequat, vel illum dolore eu feugiat nulla facilisis at vero eros et accumsan et iusto odio dignissim qui blandit praesent luptatum zzril delenit augue duis dolore te feugait nulla facilisi.', '', '', '', '', 804560),
(6, 'Lorem ipsum dolor sit amet, consectetuer adipiscing elit, sed diam nonummy nibh euismod tincidunt ut laoreet dolore magna aliquam erat volutpat. Ut wisi enim ad minim veniam, quis nostrud exerci tation ullamcorper suscipit lobortis nisl ut aliquip ex ea commodo consequat. Duis autem vel eum iriure dolor in hendrerit in vulputate velit esse molestie consequat, vel illum dolore eu feugiat nulla facilisis at vero eros et accumsan et iusto odio dignissim qui blandit praesent luptatum zzril delenit augue duis dolore te feugait nulla facilisi.', 'Lorem ipsum dolor sit amet, consectetuer adipiscing elit, sed diam nonummy nibh euismod tincidunt ut laoreet dolore magna aliquam erat volutpat. Ut wisi enim ad minim veniam, quis nostrud exerci tation ullamcorper suscipit lobortis nisl ut aliquip ex ea commodo consequat. Duis autem vel eum iriure dolor in hendrerit in vulputate velit esse molestie consequat, vel illum dolore eu feugiat nulla facilisis at vero eros et accumsan et iusto odio dignissim qui blandit praesent luptatum zzril delenit augue duis dolore te feugait nulla facilisi.', 'Lorem ipsum dolor sit amet, consectetuer adipiscing elit, sed diam nonummy nibh euismod tincidunt ut laoreet dolore magna aliquam erat volutpat. Ut wisi enim ad minim veniam, quis nostrud exerci tation ullamcorper suscipit lobortis nisl ut aliquip ex ea commodo consequat. Duis autem vel eum iriure dolor in hendrerit in vulputate velit esse molestie consequat, vel illum dolore eu feugiat nulla facilisis at vero eros et accumsan et iusto odio dignissim qui blandit praesent luptatum zzril delenit augue duis dolore te feugait nulla facilisi.', 'Lorem ipsum dolor sit amet, consectetuer adipiscing elit, sed diam nonummy nibh euismod tincidunt ut laoreet dolore magna aliquam erat volutpat. Ut wisi enim ad minim veniam, quis nostrud exerci tation ullamcorper suscipit lobortis nisl ut aliquip ex ea commodo consequat. Duis autem vel eum iriure dolor in hendrerit in vulputate velit esse molestie consequat, vel illum dolore eu feugiat nulla facilisis at vero eros et accumsan et iusto odio dignissim qui blandit praesent luptatum zzril delenit augue duis dolore te feugait nulla facilisi.', 'Lorem ipsum dolor sit amet, consectetuer adipiscing elit, sed diam nonummy nibh euismod tincidunt ut laoreet dolore magna aliquam erat volutpat. Ut wisi enim ad minim veniam, quis nostrud exerci tation ullamcorper suscipit lobortis nisl ut aliquip ex ea commodo consequat. Duis autem vel eum iriure dolor in hendrerit in vulputate velit esse molestie consequat, vel illum dolore eu feugiat nulla facilisis at vero eros et accumsan et iusto odio dignissim qui blandit praesent luptatum zzril delenit augue duis dolore te feugait nulla facilisi.', 'Lorem ipsum dolor sit amet, consectetuer adipiscing elit, sed diam nonummy nibh euismod tincidunt ut laoreet dolore magna aliquam erat volutpat. Ut wisi enim ad minim veniam, quis nostrud exerci tation ullamcorper suscipit lobortis nisl ut aliquip ex ea commodo consequat. Duis autem vel eum iriure dolor in hendrerit in vulputate velit esse molestie consequat, vel illum dolore eu feugiat nulla facilisis at vero eros et accumsan et iusto odio dignissim qui blandit praesent luptatum zzril delenit augue duis dolore te feugait nulla facilisi.', '', '', '', '', 804567),
(7, 'Lorem ipsum dolor sit amet, consectetuer adipiscing elit, sed diam nonummy nibh euismod tincidunt ut laoreet dolore magna aliquam erat volutpat. Ut wisi enim ad minim veniam, quis nostrud exerci tation ullamcorper suscipit lobortis nisl ut aliquip ex ea commodo consequat. Duis autem vel eum iriure dolor in hendrerit in vulputate velit esse molestie consequat, vel illum dolore eu feugiat nulla facilisis at vero eros et accumsan et iusto odio dignissim qui blandit praesent luptatum zzril delenit augue duis dolore te feugait nulla facilisi.', 'Lorem ipsum dolor sit amet, consectetuer adipiscing elit, sed diam nonummy nibh euismod tincidunt ut laoreet dolore magna aliquam erat volutpat. Ut wisi enim ad minim veniam, quis nostrud exerci tation ullamcorper suscipit lobortis nisl ut aliquip ex ea commodo consequat. Duis autem vel eum iriure dolor in hendrerit in vulputate velit esse molestie consequat, vel illum dolore eu feugiat nulla facilisis at vero eros et accumsan et iusto odio dignissim qui blandit praesent luptatum zzril delenit augue duis dolore te feugait nulla facilisi.', 'Lorem ipsum dolor sit amet, consectetuer adipiscing elit, sed diam nonummy nibh euismod tincidunt ut laoreet dolore magna aliquam erat volutpat. Ut wisi enim ad minim veniam, quis nostrud exerci tation ullamcorper suscipit lobortis nisl ut aliquip ex ea commodo consequat. Duis autem vel eum iriure dolor in hendrerit in vulputate velit esse molestie consequat, vel illum dolore eu feugiat nulla facilisis at vero eros et accumsan et iusto odio dignissim qui blandit praesent luptatum zzril delenit augue duis dolore te feugait nulla facilisi.', 'Lorem ipsum dolor sit amet, consectetuer adipiscing elit, sed diam nonummy nibh euismod tincidunt ut laoreet dolore magna aliquam erat volutpat. Ut wisi enim ad minim veniam, quis nostrud exerci tation ullamcorper suscipit lobortis nisl ut aliquip ex ea commodo consequat. Duis autem vel eum iriure dolor in hendrerit in vulputate velit esse molestie consequat, vel illum dolore eu feugiat nulla facilisis at vero eros et accumsan et iusto odio dignissim qui blandit praesent luptatum zzril delenit augue duis dolore te feugait nulla facilisi.', 'Lorem ipsum dolor sit amet, consectetuer adipiscing elit, sed diam nonummy nibh euismod tincidunt ut laoreet dolore magna aliquam erat volutpat. Ut wisi enim ad minim veniam, quis nostrud exerci tation ullamcorper suscipit lobortis nisl ut aliquip ex ea commodo consequat. Duis autem vel eum iriure dolor in hendrerit in vulputate velit esse molestie consequat, vel illum dolore eu feugiat nulla facilisis at vero eros et accumsan et iusto odio dignissim qui blandit praesent luptatum zzril delenit augue duis dolore te feugait nulla facilisi.', 'Lorem ipsum dolor sit amet, consectetuer adipiscing elit, sed diam nonummy nibh euismod tincidunt ut laoreet dolore magna aliquam erat volutpat. Ut wisi enim ad minim veniam, quis nostrud exerci tation ullamcorper suscipit lobortis nisl ut aliquip ex ea commodo consequat. Duis autem vel eum iriure dolor in hendrerit in vulputate velit esse molestie consequat, vel illum dolore eu feugiat nulla facilisis at vero eros et accumsan et iusto odio dignissim qui blandit praesent luptatum zzril delenit augue duis dolore te feugait nulla facilisi.', '', '', '', '', 804561),
(8, 'Lorem ipsum dolor sit amet, consectetuer adipiscing elit, sed diam nonummy nibh euismod tincidunt ut laoreet dolore magna aliquam erat volutpat. Ut wisi enim ad minim veniam, quis nostrud exerci tation ullamcorper suscipit lobortis nisl ut aliquip ex ea commodo consequat. Duis autem vel eum iriure dolor in hendrerit in vulputate velit esse molestie consequat, vel illum dolore eu feugiat nulla facilisis at vero eros et accumsan et iusto odio dignissim qui blandit praesent luptatum zzril delenit augue duis dolore te feugait nulla facilisi.', 'Lorem ipsum dolor sit amet, consectetuer adipiscing elit, sed diam nonummy nibh euismod tincidunt ut laoreet dolore magna aliquam erat volutpat. Ut wisi enim ad minim veniam, quis nostrud exerci tation ullamcorper suscipit lobortis nisl ut aliquip ex ea commodo consequat. Duis autem vel eum iriure dolor in hendrerit in vulputate velit esse molestie consequat, vel illum dolore eu feugiat nulla facilisis at vero eros et accumsan et iusto odio dignissim qui blandit praesent luptatum zzril delenit augue duis dolore te feugait nulla facilisi.', 'Lorem ipsum dolor sit amet, consectetuer adipiscing elit, sed diam nonummy nibh euismod tincidunt ut laoreet dolore magna aliquam erat volutpat. Ut wisi enim ad minim veniam, quis nostrud exerci tation ullamcorper suscipit lobortis nisl ut aliquip ex ea commodo consequat. Duis autem vel eum iriure dolor in hendrerit in vulputate velit esse molestie consequat, vel illum dolore eu feugiat nulla facilisis at vero eros et accumsan et iusto odio dignissim qui blandit praesent luptatum zzril delenit augue duis dolore te feugait nulla facilisi.', 'Lorem ipsum dolor sit amet, consectetuer adipiscing elit, sed diam nonummy nibh euismod tincidunt ut laoreet dolore magna aliquam erat volutpat. Ut wisi enim ad minim veniam, quis nostrud exerci tation ullamcorper suscipit lobortis nisl ut aliquip ex ea commodo consequat. Duis autem vel eum iriure dolor in hendrerit in vulputate velit esse molestie consequat, vel illum dolore eu feugiat nulla facilisis at vero eros et accumsan et iusto odio dignissim qui blandit praesent luptatum zzril delenit augue duis dolore te feugait nulla facilisi.', 'Lorem ipsum dolor sit amet, consectetuer adipiscing elit, sed diam nonummy nibh euismod tincidunt ut laoreet dolore magna aliquam erat volutpat. Ut wisi enim ad minim veniam, quis nostrud exerci tation ullamcorper suscipit lobortis nisl ut aliquip ex ea commodo consequat. Duis autem vel eum iriure dolor in hendrerit in vulputate velit esse molestie consequat, vel illum dolore eu feugiat nulla facilisis at vero eros et accumsan et iusto odio dignissim qui blandit praesent luptatum zzril delenit augue duis dolore te feugait nulla facilisi.', 'Lorem ipsum dolor sit amet, consectetuer adipiscing elit, sed diam nonummy nibh euismod tincidunt ut laoreet dolore magna aliquam erat volutpat. Ut wisi enim ad minim veniam, quis nostrud exerci tation ullamcorper suscipit lobortis nisl ut aliquip ex ea commodo consequat. Duis autem vel eum iriure dolor in hendrerit in vulputate velit esse molestie consequat, vel illum dolore eu feugiat nulla facilisis at vero eros et accumsan et iusto odio dignissim qui blandit praesent luptatum zzril delenit augue duis dolore te feugait nulla facilisi.', '', '', '', '', 804563),
(9, 'Lorem ipsum dolor sit amet, consectetuer adipiscing elit, sed diam nonummy nibh euismod tincidunt ut laoreet dolore magna aliquam erat volutpat. Ut wisi enim ad minim veniam, quis nostrud exerci tation ullamcorper suscipit lobortis nisl ut aliquip ex ea commodo consequat. Duis autem vel eum iriure dolor in hendrerit in vulputate velit esse molestie consequat, vel illum dolore eu feugiat nulla facilisis at vero eros et accumsan et iusto odio dignissim qui blandit praesent luptatum zzril delenit augue duis dolore te feugait nulla facilisi.', 'Lorem ipsum dolor sit amet, consectetuer adipiscing elit, sed diam nonummy nibh euismod tincidunt ut laoreet dolore magna aliquam erat volutpat. Ut wisi enim ad minim veniam, quis nostrud exerci tation ullamcorper suscipit lobortis nisl ut aliquip ex ea commodo consequat. Duis autem vel eum iriure dolor in hendrerit in vulputate velit esse molestie consequat, vel illum dolore eu feugiat nulla facilisis at vero eros et accumsan et iusto odio dignissim qui blandit praesent luptatum zzril delenit augue duis dolore te feugait nulla facilisi.', 'Lorem ipsum dolor sit amet, consectetuer adipiscing elit, sed diam nonummy nibh euismod tincidunt ut laoreet dolore magna aliquam erat volutpat. Ut wisi enim ad minim veniam, quis nostrud exerci tation ullamcorper suscipit lobortis nisl ut aliquip ex ea commodo consequat. Duis autem vel eum iriure dolor in hendrerit in vulputate velit esse molestie consequat, vel illum dolore eu feugiat nulla facilisis at vero eros et accumsan et iusto odio dignissim qui blandit praesent luptatum zzril delenit augue duis dolore te feugait nulla facilisi.', 'Lorem ipsum dolor sit amet, consectetuer adipiscing elit, sed diam nonummy nibh euismod tincidunt ut laoreet dolore magna aliquam erat volutpat. Ut wisi enim ad minim veniam, quis nostrud exerci tation ullamcorper suscipit lobortis nisl ut aliquip ex ea commodo consequat. Duis autem vel eum iriure dolor in hendrerit in vulputate velit esse molestie consequat, vel illum dolore eu feugiat nulla facilisis at vero eros et accumsan et iusto odio dignissim qui blandit praesent luptatum zzril delenit augue duis dolore te feugait nulla facilisi.', 'Lorem ipsum dolor sit amet, consectetuer adipiscing elit, sed diam nonummy nibh euismod tincidunt ut laoreet dolore magna aliquam erat volutpat. Ut wisi enim ad minim veniam, quis nostrud exerci tation ullamcorper suscipit lobortis nisl ut aliquip ex ea commodo consequat. Duis autem vel eum iriure dolor in hendrerit in vulputate velit esse molestie consequat, vel illum dolore eu feugiat nulla facilisis at vero eros et accumsan et iusto odio dignissim qui blandit praesent luptatum zzril delenit augue duis dolore te feugait nulla facilisi.', 'Lorem ipsum dolor sit amet, consectetuer adipiscing elit, sed diam nonummy nibh euismod tincidunt ut laoreet dolore magna aliquam erat volutpat. Ut wisi enim ad minim veniam, quis nostrud exerci tation ullamcorper suscipit lobortis nisl ut aliquip ex ea commodo consequat. Duis autem vel eum iriure dolor in hendrerit in vulputate velit esse molestie consequat, vel illum dolore eu feugiat nulla facilisis at vero eros et accumsan et iusto odio dignissim qui blandit praesent luptatum zzril delenit augue duis dolore te feugait nulla facilisi.', '', '', '', '', 804575);

-- --------------------------------------------------------

--
-- Estructura de tabla para la tabla `teorico`
--

CREATE TABLE `teorico` (
  `IdTeorico` int(6) NOT NULL,
  `Creditos` float NOT NULL,
  `Presencial` float NOT NULL,
  `IdAsignatura` int(6) NOT NULL
) ENGINE=InnoDB DEFAULT CHARSET=utf8mb4;

--
-- Volcado de datos para la tabla `teorico`
--

INSERT INTO `teorico` (`IdTeorico`, `Creditos`, `Presencial`, `IdAsignatura`) VALUES
(3, 3, 33, 804566),
(4, 6, 33, 804562),
(5, 5, 33, 804560),
(6, 3.5, 33, 804567),
(7, 5, 33, 804561),
(8, 6, 33, 804563),
(9, 4, 33, 804564),
(10, 4, 33, 804575),
(11, 4.5, 37.5, 800490),
(12, 4, 33.5, 800492),
(13, 3, 25, 800495),
(14, 1, 10, 800496),
(15, 4, 33.5, 800491),
(16, 4.5, 37.5, 800493),
(17, 4.5, 37.5, 800494),
(18, 1, 2, 800497),
(19, 3.5, 35, 804500),
(20, 1.5, 15, 804502),
(21, 3, 30, 804505),
(22, 3.5, 35, 804543),
(23, 5, 50, 804510),
(24, 3.5, 35, 804501),
(25, 2.5, 35, 804503),
(26, 3, 30, 804506),
(27, 2, 20, 804507),
(28, 3.5, 35, 804511);

-- --------------------------------------------------------

--
-- Estructura de tabla para la tabla `usuario`
--

CREATE TABLE `usuario` (
  `Email` varchar(50) NOT NULL,
  `Password` varchar(255) NOT NULL
) ENGINE=InnoDB DEFAULT CHARSET=utf8mb4;

--
-- Volcado de datos para la tabla `usuario`
--

INSERT INTO `usuario` (`Email`, `Password`) VALUES
('admin1@ucm.es', 'admin1'),
('avioque@ucm.es', 'avioque@ucm.es'),
('beperez03@ucm.es', 'beperez03'),
('coordinadorAM@ucm.es', 'coordinadorAM'),
('coordinadorcomunicaciones1@ucm.es', 'coordinadorcomunicaciones1'),
('coordinadorF2@ucm.es', 'coordinadorFII'),
('coordinadorfisica1@ucm.es', 'coordinadorfisica1'),
('coordinadormatematicas1@ucm.es', 'coordinadormatematicas1'),
('coordinadormateriales1@ucm.es', 'coordinadormateriales1'),
('esas@ucm.es', 'esas'),
('igarcia@ucm.es', 'igarcia'),
('jluimana@ucm.es', 'jluimana@ucm.es'),
('jusanz02@ucm.es', 'jusanz02'),
('magflechoso@ucm.es', 'magflechoso'),
('mjrplaza@fis.ucm.es', 'mjrplaza'),
('profesorcomunicaciones1@ucm.es', 'profesorcomunicaciones1'),
('profesorfisica1@ucm.es', 'profesorfisica1'),
('profesormatematicas1@ucm.es', 'profesormatematicas1'),
('profesormateriales1@ucm.es', 'profesormateriales1'),
('rafahern@ucm.es', 'rafahern'),
('raqumoli@ucm.es', 'raqumoli'),
('virginia@fdi.ucm.es', 'virginia');

-- --------------------------------------------------------

--
-- Estructura de tabla para la tabla `verifica`
--

CREATE TABLE `verifica` (
  `IdVerifica` int(6) NOT NULL,
  `MaximoExamenes` float NOT NULL,
  `MinimoExamenes` float NOT NULL,
  `MaximoActividades` float NOT NULL,
  `MinimoActividades` float NOT NULL,
  `MaximoLaboratorio` float NOT NULL,
  `MinimoLaboratorio` float NOT NULL,
  `IdAsignatura` int(6) NOT NULL
) ENGINE=InnoDB DEFAULT CHARSET=utf8mb4;

--
-- Volcado de datos para la tabla `verifica`
--

INSERT INTO `verifica` (`IdVerifica`, `MaximoExamenes`, `MinimoExamenes`, `MaximoActividades`, `MinimoActividades`, `MaximoLaboratorio`, `MinimoLaboratorio`, `IdAsignatura`) VALUES
(1, 80, 80, 20, 20, 0, 0, 804564),
(2, 60, 60, 25, 25, 15, 15, 804566),
(3, 80, 80, 20, 20, 0, 0, 804562),
(4, 70, 70, 10, 10, 20, 20, 804560),
(5, 70, 70, 10, 10, 20, 20, 804567),
(6, 70, 70, 10, 10, 20, 20, 804561),
(7, 75, 75, 25, 25, 0, 0, 804563),
(8, 70, 70, 20, 20, 10, 10, 804575);

--
-- Índices para tablas volcadas
--

--
-- Indices de la tabla `administrador`
--
ALTER TABLE `administrador`
  ADD PRIMARY KEY (`Email`);

--
-- Indices de la tabla `asignatura`
--
ALTER TABLE `asignatura`
  ADD PRIMARY KEY (`IdAsignatura`),
  ADD KEY `Asignatura_1` (`IdMateria`);

--
-- Indices de la tabla `bibliografia`
--
ALTER TABLE `bibliografia`
  ADD PRIMARY KEY (`IdBibliografia`),
  ADD KEY `Bibliografia_1` (`IdAsignatura`);

--
-- Indices de la tabla `competenciaasignatura`
--
ALTER TABLE `competenciaasignatura`
  ADD PRIMARY KEY (`IdCompetencia`),
  ADD KEY `CompetenciaAsignatura_1` (`IdAsignatura`);

--
-- Indices de la tabla `configuracion`
--
ALTER TABLE `configuracion`
  ADD PRIMARY KEY (`IdConfiguracion`),
  ADD KEY `Configuracion_1` (`IdAsignatura`);

--
-- Indices de la tabla `evaluacion`
--
ALTER TABLE `evaluacion`
  ADD PRIMARY KEY (`IdEvaluacion`),
  ADD KEY `Evaluacion_1` (`IdAsignatura`);

--
-- Indices de la tabla `grado`
--
ALTER TABLE `grado`
  ADD PRIMARY KEY (`CodigoGrado`);

--
-- Indices de la tabla `grupoclase`
--
ALTER TABLE `grupoclase`
  ADD PRIMARY KEY (`IdGrupoClase`),
  ADD KEY `idAsignatura` (`IdAsignatura`);

--
-- Indices de la tabla `grupoclaseprofesor`
--
ALTER TABLE `grupoclaseprofesor`
  ADD PRIMARY KEY (`EmailProfesor`,`IdGrupoClase`),
  ADD KEY `IdGrupoClase` (`IdGrupoClase`),
  ADD KEY `Email` (`EmailProfesor`);

--
-- Indices de la tabla `grupolaboratorio`
--
ALTER TABLE `grupolaboratorio`
  ADD PRIMARY KEY (`IdGrupoLab`),
  ADD KEY `IdAsignatura` (`IdAsignatura`);

--
-- Indices de la tabla `grupolaboratorioprofesor`
--
ALTER TABLE `grupolaboratorioprofesor`
  ADD PRIMARY KEY (`IdGrupoLab`,`EmailProfesor`),
  ADD KEY `Email` (`EmailProfesor`),
  ADD KEY `IdGrupoLab` (`IdGrupoLab`);

--
-- Indices de la tabla `horarioclase`
--
ALTER TABLE `horarioclase`
  ADD PRIMARY KEY (`IdHorarioClase`),
  ADD KEY `HorarioClase_1` (`IdGrupoClase`);

--
-- Indices de la tabla `horariolaboratorio`
--
ALTER TABLE `horariolaboratorio`
  ADD PRIMARY KEY (`IdHorarioLab`),
  ADD KEY `IdGrupoLab` (`IdGrupoLab`);

--
-- Indices de la tabla `laboratorio`
--
ALTER TABLE `laboratorio`
  ADD PRIMARY KEY (`IdLaboratorio`),
  ADD KEY `Laboratorio_1` (`IdAsignatura`);

--
-- Indices de la tabla `materia`
--
ALTER TABLE `materia`
  ADD PRIMARY KEY (`IdMateria`),
  ADD KEY `Materia_1` (`IdModulo`);

--
-- Indices de la tabla `metodologia`
--
ALTER TABLE `metodologia`
  ADD PRIMARY KEY (`IdMetodologia`),
  ADD KEY `Metodologia_1` (`IdAsignatura`);

--
-- Indices de la tabla `modasignatura`
--
ALTER TABLE `modasignatura`
  ADD PRIMARY KEY (`IdModAsignatura`),
  ADD KEY `ModAsignatura_1` (`IdAsignatura`);

--
-- Indices de la tabla `modbibliografia`
--
ALTER TABLE `modbibliografia`
  ADD PRIMARY KEY (`IdBibliografia`),
  ADD KEY `ModBibliografia_1` (`IdModAsignatura`);

--
-- Indices de la tabla `modcompetenciaasignatura`
--
ALTER TABLE `modcompetenciaasignatura`
  ADD PRIMARY KEY (`IdCompetencia`),
  ADD KEY `ModCompetenciaAsignatura_1` (`IdModAsignatura`);

--
-- Indices de la tabla `modevaluacion`
--
ALTER TABLE `modevaluacion`
  ADD PRIMARY KEY (`IdEvaluacion`),
  ADD KEY `ModEvaluacion_1` (`IdModAsignatura`);

--
-- Indices de la tabla `modgrupoclase`
--
ALTER TABLE `modgrupoclase`
  ADD PRIMARY KEY (`IdGrupoClase`),
  ADD KEY `ModGrupoClase_1` (`IdModAsignatura`);

--
-- Indices de la tabla `modgrupoclaseprofesor`
--
ALTER TABLE `modgrupoclaseprofesor`
  ADD PRIMARY KEY (`EmailProfesor`,`IdGrupoClase`),
  ADD KEY `IdGrupoClase` (`IdGrupoClase`),
  ADD KEY `Email` (`EmailProfesor`);

--
-- Indices de la tabla `modgrupolaboratorio`
--
ALTER TABLE `modgrupolaboratorio`
  ADD PRIMARY KEY (`IdGrupoLab`),
  ADD KEY `ModGrupoLaboratorio_1` (`IdModAsignatura`);

--
-- Indices de la tabla `modgrupolaboratorioprofesor`
--
ALTER TABLE `modgrupolaboratorioprofesor`
  ADD PRIMARY KEY (`EmailProfesor`,`IdGrupoLab`),
  ADD KEY `IdGrupoLab` (`IdGrupoLab`),
  ADD KEY `Email` (`EmailProfesor`);

--
-- Indices de la tabla `modhorarioclase`
--
ALTER TABLE `modhorarioclase`
  ADD PRIMARY KEY (`IdHorarioClase`),
  ADD KEY `ModHorarioClase_1` (`IdGrupoClase`);

--
-- Indices de la tabla `modhorariolaboratorio`
--
ALTER TABLE `modhorariolaboratorio`
  ADD PRIMARY KEY (`IdHorarioLab`),
  ADD KEY `ModHorarioLaboratorio_1` (`IdGrupoLab`);

--
-- Indices de la tabla `modmetodologia`
--
ALTER TABLE `modmetodologia`
  ADD PRIMARY KEY (`IdMetodologia`),
  ADD KEY `ModMetodologia_1` (`IdModAsignatura`);

--
-- Indices de la tabla `modprogramaasignatura`
--
ALTER TABLE `modprogramaasignatura`
  ADD PRIMARY KEY (`IdPrograma`),
  ADD KEY `ModProgramaAsignatura_1` (`IdModAsignatura`);

--
-- Indices de la tabla `modulo`
--
ALTER TABLE `modulo`
  ADD PRIMARY KEY (`IdModulo`),
  ADD KEY `Modulo_1` (`CodigoGrado`) USING BTREE;

--
-- Indices de la tabla `permisos`
--
ALTER TABLE `permisos`
  ADD PRIMARY KEY (`IdPermiso`),
  ADD KEY `Permisos_1` (`IdAsignatura`),
  ADD KEY `Permisos_2` (`EmailProfesor`);

--
-- Indices de la tabla `problema`
--
ALTER TABLE `problema`
  ADD PRIMARY KEY (`IdProblema`),
  ADD KEY `Problema_1` (`IdAsignatura`);

--
-- Indices de la tabla `profesor`
--
ALTER TABLE `profesor`
  ADD PRIMARY KEY (`Email`);

--
-- Indices de la tabla `programaasignatura`
--
ALTER TABLE `programaasignatura`
  ADD PRIMARY KEY (`IdPrograma`),
  ADD KEY `ProgramaAsignatura_1` (`IdAsignatura`);

--
-- Indices de la tabla `teorico`
--
ALTER TABLE `teorico`
  ADD PRIMARY KEY (`IdTeorico`),
  ADD KEY `Teorico_1` (`IdAsignatura`);

--
-- Indices de la tabla `usuario`
--
ALTER TABLE `usuario`
  ADD PRIMARY KEY (`Email`);

--
-- Indices de la tabla `verifica`
--
ALTER TABLE `verifica`
  ADD PRIMARY KEY (`IdVerifica`),
  ADD KEY `Verifica_1` (`IdAsignatura`);

--
-- AUTO_INCREMENT de las tablas volcadas
--

--
-- AUTO_INCREMENT de la tabla `bibliografia`
--
ALTER TABLE `bibliografia`
  MODIFY `IdBibliografia` int(6) NOT NULL AUTO_INCREMENT, AUTO_INCREMENT=11;

--
-- AUTO_INCREMENT de la tabla `competenciaasignatura`
--
ALTER TABLE `competenciaasignatura`
  MODIFY `IdCompetencia` int(6) NOT NULL AUTO_INCREMENT, AUTO_INCREMENT=10;

--
-- AUTO_INCREMENT de la tabla `configuracion`
--
ALTER TABLE `configuracion`
  MODIFY `IdConfiguracion` int(6) NOT NULL AUTO_INCREMENT, AUTO_INCREMENT=9;

--
-- AUTO_INCREMENT de la tabla `evaluacion`
--
ALTER TABLE `evaluacion`
  MODIFY `IdEvaluacion` int(6) NOT NULL AUTO_INCREMENT, AUTO_INCREMENT=10;

--
-- AUTO_INCREMENT de la tabla `grupoclase`
--
ALTER TABLE `grupoclase`
  MODIFY `IdGrupoClase` int(6) NOT NULL AUTO_INCREMENT, AUTO_INCREMENT=7;

--
-- AUTO_INCREMENT de la tabla `grupolaboratorio`
--
ALTER TABLE `grupolaboratorio`
  MODIFY `IdGrupoLab` int(6) NOT NULL AUTO_INCREMENT, AUTO_INCREMENT=16;

--
-- AUTO_INCREMENT de la tabla `horarioclase`
--
ALTER TABLE `horarioclase`
  MODIFY `IdHorarioClase` int(6) NOT NULL AUTO_INCREMENT, AUTO_INCREMENT=28;

--
-- AUTO_INCREMENT de la tabla `horariolaboratorio`
--
ALTER TABLE `horariolaboratorio`
  MODIFY `IdHorarioLab` int(6) NOT NULL AUTO_INCREMENT, AUTO_INCREMENT=3;

--
-- AUTO_INCREMENT de la tabla `laboratorio`
--
ALTER TABLE `laboratorio`
  MODIFY `IdLaboratorio` int(6) NOT NULL AUTO_INCREMENT, AUTO_INCREMENT=29;

--
-- AUTO_INCREMENT de la tabla `metodologia`
--
ALTER TABLE `metodologia`
  MODIFY `IdMetodologia` int(6) NOT NULL AUTO_INCREMENT, AUTO_INCREMENT=10;

--
-- AUTO_INCREMENT de la tabla `modbibliografia`
--
ALTER TABLE `modbibliografia`
  MODIFY `IdBibliografia` int(6) NOT NULL AUTO_INCREMENT, AUTO_INCREMENT=12;

--
-- AUTO_INCREMENT de la tabla `modcompetenciaasignatura`
--
ALTER TABLE `modcompetenciaasignatura`
  MODIFY `IdCompetencia` int(6) NOT NULL AUTO_INCREMENT, AUTO_INCREMENT=9;

--
-- AUTO_INCREMENT de la tabla `modevaluacion`
--
ALTER TABLE `modevaluacion`
  MODIFY `IdEvaluacion` int(6) NOT NULL AUTO_INCREMENT, AUTO_INCREMENT=14;

--
-- AUTO_INCREMENT de la tabla `modgrupoclase`
--
ALTER TABLE `modgrupoclase`
  MODIFY `IdGrupoClase` int(6) NOT NULL AUTO_INCREMENT, AUTO_INCREMENT=18;

--
-- AUTO_INCREMENT de la tabla `modgrupolaboratorio`
--
ALTER TABLE `modgrupolaboratorio`
  MODIFY `IdGrupoLab` int(6) NOT NULL AUTO_INCREMENT, AUTO_INCREMENT=8;

--
-- AUTO_INCREMENT de la tabla `modhorarioclase`
--
ALTER TABLE `modhorarioclase`
  MODIFY `IdHorarioClase` int(6) NOT NULL AUTO_INCREMENT, AUTO_INCREMENT=13;

--
-- AUTO_INCREMENT de la tabla `modhorariolaboratorio`
--
ALTER TABLE `modhorariolaboratorio`
  MODIFY `IdHorarioLab` int(6) NOT NULL AUTO_INCREMENT, AUTO_INCREMENT=7;

--
-- AUTO_INCREMENT de la tabla `modmetodologia`
--
ALTER TABLE `modmetodologia`
  MODIFY `IdMetodologia` int(6) NOT NULL AUTO_INCREMENT, AUTO_INCREMENT=10;

--
-- AUTO_INCREMENT de la tabla `modprogramaasignatura`
--
ALTER TABLE `modprogramaasignatura`
  MODIFY `IdPrograma` int(6) NOT NULL AUTO_INCREMENT, AUTO_INCREMENT=15;

--
-- AUTO_INCREMENT de la tabla `permisos`
--
ALTER TABLE `permisos`
  MODIFY `IdPermiso` int(6) NOT NULL AUTO_INCREMENT, AUTO_INCREMENT=37;

--
-- AUTO_INCREMENT de la tabla `problema`
--
ALTER TABLE `problema`
  MODIFY `IdProblema` int(6) NOT NULL AUTO_INCREMENT, AUTO_INCREMENT=38;

--
-- AUTO_INCREMENT de la tabla `programaasignatura`
--
ALTER TABLE `programaasignatura`
  MODIFY `IdPrograma` int(6) NOT NULL AUTO_INCREMENT, AUTO_INCREMENT=10;

--
-- AUTO_INCREMENT de la tabla `teorico`
--
ALTER TABLE `teorico`
  MODIFY `IdTeorico` int(6) NOT NULL AUTO_INCREMENT, AUTO_INCREMENT=29;

--
-- AUTO_INCREMENT de la tabla `verifica`
--
ALTER TABLE `verifica`
  MODIFY `IdVerifica` int(6) NOT NULL AUTO_INCREMENT, AUTO_INCREMENT=9;

--
-- Restricciones para tablas volcadas
--

--
-- Filtros para la tabla `asignatura`
--
ALTER TABLE `asignatura`
  ADD CONSTRAINT `Asignatura_1` FOREIGN KEY (`IdMateria`) REFERENCES `materia` (`IdMateria`);

--
-- Filtros para la tabla `bibliografia`
--
ALTER TABLE `bibliografia`
  ADD CONSTRAINT `Bibliografia_1` FOREIGN KEY (`IdAsignatura`) REFERENCES `asignatura` (`IdAsignatura`);

--
-- Filtros para la tabla `competenciaasignatura`
--
ALTER TABLE `competenciaasignatura`
  ADD CONSTRAINT `CompetenciaAsignatura_1` FOREIGN KEY (`IdAsignatura`) REFERENCES `asignatura` (`IdAsignatura`);

--
-- Filtros para la tabla `configuracion`
--
ALTER TABLE `configuracion`
  ADD CONSTRAINT `Configuracion_1` FOREIGN KEY (`IdAsignatura`) REFERENCES `asignatura` (`IdAsignatura`);

--
-- Filtros para la tabla `evaluacion`
--
ALTER TABLE `evaluacion`
  ADD CONSTRAINT `Evaluacion_1` FOREIGN KEY (`IdAsignatura`) REFERENCES `asignatura` (`IdAsignatura`);

--
-- Filtros para la tabla `grupoclase`
--
ALTER TABLE `grupoclase`
  ADD CONSTRAINT `grupoclase_ibfk_1` FOREIGN KEY (`IdAsignatura`) REFERENCES `asignatura` (`IdAsignatura`);

--
-- Filtros para la tabla `grupoclaseprofesor`
--
ALTER TABLE `grupoclaseprofesor`
  ADD CONSTRAINT `grupoclaseprofesor_ibfk_1` FOREIGN KEY (`EmailProfesor`) REFERENCES `profesor` (`Email`),
  ADD CONSTRAINT `grupoclaseprofesor_ibfk_2` FOREIGN KEY (`IdGrupoClase`) REFERENCES `grupoclase` (`IdGrupoClase`);

--
-- Filtros para la tabla `grupolaboratorio`
--
ALTER TABLE `grupolaboratorio`
  ADD CONSTRAINT `grupolaboratorio_ibfk_1` FOREIGN KEY (`IdAsignatura`) REFERENCES `asignatura` (`IdAsignatura`);

--
-- Filtros para la tabla `grupolaboratorioprofesor`
--
ALTER TABLE `grupolaboratorioprofesor`
  ADD CONSTRAINT `grupolaboratorioprofesor_ibfk_1` FOREIGN KEY (`IdGrupoLab`) REFERENCES `grupolaboratorio` (`IdGrupoLab`),
  ADD CONSTRAINT `grupolaboratorioprofesor_ibfk_2` FOREIGN KEY (`EmailProfesor`) REFERENCES `profesor` (`Email`);

--
-- Filtros para la tabla `horarioclase`
--
ALTER TABLE `horarioclase`
  ADD CONSTRAINT `HorarioClase_1` FOREIGN KEY (`IdGrupoClase`) REFERENCES `grupoclase` (`IdGrupoClase`);

--
-- Filtros para la tabla `horariolaboratorio`
--
ALTER TABLE `horariolaboratorio`
  ADD CONSTRAINT `horariolaboratorio_ibfk_1` FOREIGN KEY (`IdGrupoLab`) REFERENCES `grupolaboratorio` (`IdGrupoLab`);

--
-- Filtros para la tabla `laboratorio`
--
ALTER TABLE `laboratorio`
  ADD CONSTRAINT `Laboratorio_1` FOREIGN KEY (`IdAsignatura`) REFERENCES `asignatura` (`IdAsignatura`);

--
-- Filtros para la tabla `materia`
--
ALTER TABLE `materia`
  ADD CONSTRAINT `Materia_1` FOREIGN KEY (`IdModulo`) REFERENCES `modulo` (`IdModulo`);

--
-- Filtros para la tabla `metodologia`
--
ALTER TABLE `metodologia`
  ADD CONSTRAINT `Metodologia_1` FOREIGN KEY (`IdAsignatura`) REFERENCES `asignatura` (`IdAsignatura`);

--
-- Filtros para la tabla `modasignatura`
--
ALTER TABLE `modasignatura`
  ADD CONSTRAINT `ModAsignatura_1` FOREIGN KEY (`IdAsignatura`) REFERENCES `asignatura` (`IdAsignatura`);

--
-- Filtros para la tabla `modbibliografia`
--
ALTER TABLE `modbibliografia`
  ADD CONSTRAINT `ModBibliografia_1` FOREIGN KEY (`IdModAsignatura`) REFERENCES `modasignatura` (`IdModAsignatura`);

--
-- Filtros para la tabla `modcompetenciaasignatura`
--
ALTER TABLE `modcompetenciaasignatura`
  ADD CONSTRAINT `ModCompetenciaAsignatura_1` FOREIGN KEY (`IdModAsignatura`) REFERENCES `modasignatura` (`IdModAsignatura`);

--
-- Filtros para la tabla `modevaluacion`
--
ALTER TABLE `modevaluacion`
  ADD CONSTRAINT `ModEvaluacion_1` FOREIGN KEY (`IdModAsignatura`) REFERENCES `modasignatura` (`IdModAsignatura`);

--
-- Filtros para la tabla `modgrupoclase`
--
ALTER TABLE `modgrupoclase`
  ADD CONSTRAINT `ModGrupoClase_1` FOREIGN KEY (`IdModAsignatura`) REFERENCES `modasignatura` (`IdModAsignatura`);

--
-- Filtros para la tabla `modgrupoclaseprofesor`
--
ALTER TABLE `modgrupoclaseprofesor`
  ADD CONSTRAINT `modgrupoclaseprofesor_ibfk_1` FOREIGN KEY (`EmailProfesor`) REFERENCES `profesor` (`Email`),
  ADD CONSTRAINT `modgrupoclaseprofesor_ibfk_2` FOREIGN KEY (`IdGrupoClase`) REFERENCES `modgrupoclase` (`IdGrupoClase`);

--
-- Filtros para la tabla `modgrupolaboratorio`
--
ALTER TABLE `modgrupolaboratorio`
  ADD CONSTRAINT `ModGrupoLaboratorio_1` FOREIGN KEY (`IdModAsignatura`) REFERENCES `modasignatura` (`IdModAsignatura`);

--
-- Filtros para la tabla `modgrupolaboratorioprofesor`
--
ALTER TABLE `modgrupolaboratorioprofesor`
  ADD CONSTRAINT `modgrupolaboratorioprofesor_ibfk_1` FOREIGN KEY (`EmailProfesor`) REFERENCES `profesor` (`Email`),
  ADD CONSTRAINT `modgrupolaboratorioprofesor_ibfk_2` FOREIGN KEY (`IdGrupoLab`) REFERENCES `modgrupolaboratorio` (`IdGrupoLab`);

--
-- Filtros para la tabla `modhorarioclase`
--
ALTER TABLE `modhorarioclase`
  ADD CONSTRAINT `ModHorarioClase_1` FOREIGN KEY (`IdGrupoClase`) REFERENCES `modgrupoclase` (`IdGrupoClase`);

--
-- Filtros para la tabla `modhorariolaboratorio`
--
ALTER TABLE `modhorariolaboratorio`
  ADD CONSTRAINT `modhorariolaboratorio_ibfk_1` FOREIGN KEY (`IdGrupoLab`) REFERENCES `modgrupolaboratorio` (`IdGrupoLab`);

--
-- Filtros para la tabla `modmetodologia`
--
ALTER TABLE `modmetodologia`
  ADD CONSTRAINT `ModMetodologia_1` FOREIGN KEY (`IdModAsignatura`) REFERENCES `modasignatura` (`IdModAsignatura`);

--
-- Filtros para la tabla `modprogramaasignatura`
--
ALTER TABLE `modprogramaasignatura`
  ADD CONSTRAINT `ModProgramaAsignatura_1` FOREIGN KEY (`IdModAsignatura`) REFERENCES `modasignatura` (`IdModAsignatura`);

--
-- Filtros para la tabla `modulo`
--
ALTER TABLE `modulo`
  ADD CONSTRAINT `modulo_1` FOREIGN KEY (`CodigoGrado`) REFERENCES `grado` (`CodigoGrado`);

--
-- Filtros para la tabla `permisos`
--
ALTER TABLE `permisos`
  ADD CONSTRAINT `Permisos_1` FOREIGN KEY (`IdAsignatura`) REFERENCES `asignatura` (`IdAsignatura`),
  ADD CONSTRAINT `Permisos_2` FOREIGN KEY (`EmailProfesor`) REFERENCES `profesor` (`Email`);

--
-- Filtros para la tabla `problema`
--
ALTER TABLE `problema`
  ADD CONSTRAINT `Problema_1` FOREIGN KEY (`IdAsignatura`) REFERENCES `asignatura` (`IdAsignatura`);

--
-- Filtros para la tabla `programaasignatura`
--
ALTER TABLE `programaasignatura`
  ADD CONSTRAINT `ProgramaAsignatura_1` FOREIGN KEY (`IdAsignatura`) REFERENCES `asignatura` (`IdAsignatura`);

--
-- Filtros para la tabla `teorico`
--
ALTER TABLE `teorico`
  ADD CONSTRAINT `Teorico_1` FOREIGN KEY (`IdAsignatura`) REFERENCES `asignatura` (`IdAsignatura`);

--
-- Filtros para la tabla `verifica`
--
ALTER TABLE `verifica`
  ADD CONSTRAINT `Verifica_1` FOREIGN KEY (`IdAsignatura`) REFERENCES `asignatura` (`IdAsignatura`);
COMMIT;

/*!40101 SET CHARACTER_SET_CLIENT=@OLD_CHARACTER_SET_CLIENT */;
/*!40101 SET CHARACTER_SET_RESULTS=@OLD_CHARACTER_SET_RESULTS */;
/*!40101 SET COLLATION_CONNECTION=@OLD_COLLATION_CONNECTION */;
